family_id,source,model,n_historical,n_support,n_test,valid_pair_count,correct_pair_count,pairwise_accuracy,within_family_spearman
2006_Rezai_1|len=6|Circle,2006_Rezai_1,Sequence,7215,3,6,11,0,0.0,
2006_Rezai_1|len=6|Circle,2006_Rezai_1,Chemistry,7215,3,6,11,5,0.45454545454545453,0.12712834523274563
2006_Rezai_1|len=6|Circle,2006_Rezai_1,Chemistry + Site,7215,3,6,11,4,0.36363636363636365,-0.37032803990902063
2006_Rezai_1|len=6|Circle,2006_Rezai_1,Chemistry + Site + Context,7215,3,6,11,4,0.36363636363636365,-0.37032803990902063
2006_Rezai_1|len=6|Circle,2006_Rezai_1,ECFP,7215,3,6,11,0,0.0,
2013_CHUGAI|len=13|Lariat,2013_CHUGAI,Sequence,7057,50,117,6672,5023,0.752847721822542,0.6764777200139563
2013_CHUGAI|len=13|Lariat,2013_CHUGAI,Chemistry,7057,50,117,6672,5233,0.7843225419664268,0.7523567531883071
2013_CHUGAI|len=13|Lariat,2013_CHUGAI,Chemistry + Site,7057,50,117,6672,5113,0.7663369304556354,0.7185654151986671
2013_CHUGAI|len=13|Lariat,2013_CHUGAI,Chemistry + Site + Context,7057,50,117,6672,5208,0.7805755395683454,0.7460747757647495
2013_CHUGAI|len=13|Lariat,2013_CHUGAI,ECFP,7057,50,117,6672,4523,0.6779076738609112,0.49529697243568016
2013_CHUGAI|len=12|Lariat,2013_CHUGAI,Sequence,7030,58,136,9054,6043,0.6674398056107798,0.4808733219517956
2013_CHUGAI|len=12|Lariat,2013_CHUGAI,Chemistry,7030,58,136,9054,6451,0.7125027612105147,0.5898987700507549
2013_CHUGAI|len=12|Lariat,2013_CHUGAI,Chemistry + Site,7030,58,136,9054,6414,0.7084161696487741,0.5817105288543984
2013_CHUGAI|len=12|Lariat,2013_CHUGAI,Chemistry + Site + Context,7030,58,136,9054,6548,0.7232162580075104,0.6148578690959356
2013_CHUGAI|len=12|Lariat,2013_CHUGAI,ECFP,7030,58,136,9054,5150,0.5688093660260658,0.2031601469029118
2013_CHUGAI|len=11|Lariat,2013_CHUGAI,Sequence,7108,34,82,3288,2328,0.708029197080292,0.5504582275346188
2013_CHUGAI|len=11|Lariat,2013_CHUGAI,Chemistry,7108,34,82,3288,2603,0.7916666666666666,0.7802068694133413
2013_CHUGAI|len=11|Lariat,2013_CHUGAI,Chemistry + Site,7108,34,82,3288,2539,0.7722019464720195,0.7380737433781508
2013_CHUGAI|len=11|Lariat,2013_CHUGAI,Chemistry + Site + Context,7108,34,82,3288,2484,0.7554744525547445,0.6687714490898266
2013_CHUGAI|len=11|Lariat,2013_CHUGAI,ECFP,7108,34,82,3288,2167,0.6590632603406326,0.4515170448581502
2013_CHUGAI|len=10|Lariat,2013_CHUGAI,Sequence,7150,22,52,1315,766,0.5825095057034221,0.18804401298553836
2013_CHUGAI|len=10|Lariat,2013_CHUGAI,Chemistry,7150,22,52,1315,893,0.6790874524714829,0.5059790737050862
2013_CHUGAI|len=10|Lariat,2013_CHUGAI,Chemistry + Site,7150,22,52,1315,825,0.6273764258555133,0.36620049517592107
2013_CHUGAI|len=10|Lariat,2013_CHUGAI,Chemistry + Site + Context,7150,22,52,1315,837,0.6365019011406844,0.3894583988241065
2013_CHUGAI|len=10|Lariat,2013_CHUGAI,ECFP,7150,22,52,1315,853,0.6486692015209126,0.4602079828366141
2013_CHUGAI|len=14|Lariat,2013_CHUGAI,Sequence,7107,35,82,3259,2528,0.7756980668916845,0.7227099239038296
2013_CHUGAI|len=14|Lariat,2013_CHUGAI,Chemistry,7107,35,82,3259,2526,0.7750843817121816,0.729952685203551
2013_CHUGAI|len=14|Lariat,2013_CHUGAI,Chemistry + Site,7107,35,82,3259,2522,0.7738570113531759,0.7273021892526524
2013_CHUGAI|len=14|Lariat,2013_CHUGAI,Chemistry + Site + Context,7107,35,82,3259,2539,0.7790733353789506,0.7436429297654099
2013_CHUGAI|len=14|Lariat,2013_CHUGAI,ECFP,7107,35,82,3259,2192,0.6725989567351949,0.4926746159546794
2013_CHUGAI|len=9|Lariat,2013_CHUGAI,Sequence,7179,13,32,472,258,0.5466101694915254,0.1054767612986426
2013_CHUGAI|len=9|Lariat,2013_CHUGAI,Chemistry,7179,13,32,472,293,0.6207627118644068,0.3074105297679782
2013_CHUGAI|len=9|Lariat,2013_CHUGAI,Chemistry + Site,7179,13,32,472,294,0.6228813559322034,0.3223275272802742
2013_CHUGAI|len=9|Lariat,2013_CHUGAI,Chemistry + Site + Context,7179,13,32,472,276,0.5847457627118644,0.2261283366875562
2013_CHUGAI|len=9|Lariat,2013_CHUGAI,ECFP,7179,13,32,472,260,0.5508474576271186,0.123136991542161
2013_CHUGAI|len=8|Lariat,2013_CHUGAI,Sequence,7182,12,30,420,246,0.5857142857142857,0.25731843575418994
2013_CHUGAI|len=8|Lariat,2013_CHUGAI,Chemistry,7182,12,30,420,268,0.638095238095238,0.40955281386989306
2013_CHUGAI|len=8|Lariat,2013_CHUGAI,Chemistry + Site,7182,12,30,420,326,0.7761904761904762,0.7150200010819467
2013_CHUGAI|len=8|Lariat,2013_CHUGAI,Chemistry + Site + Context,7182,12,30,420,302,0.719047619047619,0.6204719017653257
2013_CHUGAI|len=8|Lariat,2013_CHUGAI,ECFP,7182,12,30,420,254,0.6047619047619047,0.282975325549038
2013_CHUGAI|len=15|Lariat,2013_CHUGAI,Sequence,7198,7,19,115,88,0.7652173913043478,0.5427053418974084
2013_CHUGAI|len=15|Lariat,2013_CHUGAI,Chemistry,7198,7,19,115,86,0.7478260869565218,0.5275742357184606
2013_CHUGAI|len=15|Lariat,2013_CHUGAI,Chemistry + Site,7198,7,19,115,85,0.7391304347826086,0.5236662784168423
2013_CHUGAI|len=15|Lariat,2013_CHUGAI,Chemistry + Site + Context,7198,7,19,115,80,0.6956521739130435,0.4582079936147371
2013_CHUGAI|len=15|Lariat,2013_CHUGAI,ECFP,7198,7,19,115,78,0.6782608695652174,0.42694433520179126
2013_CHUGAI|len=11|Circle,2013_CHUGAI,Sequence,7185,11,28,371,234,0.6307277628032345,0.3310940623506062
2013_CHUGAI|len=11|Circle,2013_CHUGAI,Chemistry,7185,11,28,371,231,0.6226415094339622,0.33717110330389044
2013_CHUGAI|len=11|Circle,2013_CHUGAI,Chemistry + Site,7185,11,28,371,247,0.6657681940700808,0.44739752893085427
2013_CHUGAI|len=11|Circle,2013_CHUGAI,Chemistry + Site + Context,7185,11,28,371,209,0.5633423180592992,0.17424667997551946
2013_CHUGAI|len=11|Circle,2013_CHUGAI,ECFP,7185,11,28,371,206,0.555256064690027,0.12054801759312668
2013_CHUGAI|len=12|Circle,2013_CHUGAI,Sequence,7209,4,11,55,37,0.6727272727272727,0.5995564622314027
2013_CHUGAI|len=12|Circle,2013_CHUGAI,Chemistry,7209,4,11,55,40,0.7272727272727273,0.630143555668568
2013_CHUGAI|len=12|Circle,2013_CHUGAI,Chemistry + Site,7209,4,11,55,34,0.6181818181818182,0.4200957037790453
2013_CHUGAI|len=12|Circle,2013_CHUGAI,Chemistry + Site + Context,7209,4,11,55,35,0.6363636363636364,0.41096318847950086
2013_CHUGAI|len=12|Circle,2013_CHUGAI,ECFP,7209,4,11,55,29,0.5272727272727272,0.11818181818181818
2013_CHUGAI|len=10|Circle,2013_CHUGAI,Sequence,7205,5,14,90,59,0.6555555555555556,0.39757709251101325
2013_CHUGAI|len=10|Circle,2013_CHUGAI,Chemistry,7205,5,14,90,72,0.8,0.7612765882773649
2013_CHUGAI|len=10|Circle,2013_CHUGAI,Chemistry + Site,7205,5,14,90,65,0.7222222222222222,0.6072610935391698
2013_CHUGAI|len=10|Circle,2013_CHUGAI,Chemistry + Site + Context,7205,5,14,90,59,0.6555555555555556,0.4114413930863215
2013_CHUGAI|len=10|Circle,2013_CHUGAI,ECFP,7205,5,14,90,61,0.6777777777777778,0.4950498045156275
2013_CHUGAI|len=9|Circle,2013_CHUGAI,Sequence,7207,5,12,65,23,0.35384615384615387,-0.31578947368421056
2013_CHUGAI|len=9|Circle,2013_CHUGAI,Chemistry,7207,5,12,65,53,0.8153846153846154,0.7986001739057147
2013_CHUGAI|len=9|Circle,2013_CHUGAI,Chemistry + Site,7207,5,12,65,46,0.7076923076923077,0.6339764538462034
2013_CHUGAI|len=9|Circle,2013_CHUGAI,Chemistry + Site + Context,7207,5,12,65,42,0.6461538461538462,0.5078816895453011
2013_CHUGAI|len=9|Circle,2013_CHUGAI,ECFP,7207,5,12,65,44,0.676923076923077,0.45884483676161686
2015_Ahlbach|len=11|Circle,2015_Ahlbach,Sequence,7216,3,5,9,5,0.5555555555555556,-0.34412360080584264
2015_Ahlbach|len=11|Circle,2015_Ahlbach,Chemistry,7216,3,5,9,1,0.1111111111111111,-0.8207826816681234
2015_Ahlbach|len=11|Circle,2015_Ahlbach,Chemistry + Site,7216,3,5,9,0,0.0,-0.9746794344808963
2015_Ahlbach|len=11|Circle,2015_Ahlbach,Chemistry + Site + Context,7216,3,5,9,0,0.0,-0.9746794344808963
2015_Ahlbach|len=11|Circle,2015_Ahlbach,ECFP,7216,3,5,9,4,0.4444444444444444,-0.23684210526315794
2015_Ahlbach|len=6|Circle,2015_Ahlbach,Sequence,7211,3,10,45,29,0.6444444444444445,0.42553388057604524
2015_Ahlbach|len=6|Circle,2015_Ahlbach,Chemistry,7211,3,10,45,32,0.7111111111111111,0.6443798763008685
2015_Ahlbach|len=6|Circle,2015_Ahlbach,Chemistry + Site,7211,3,10,45,28,0.6222222222222222,0.42553388057604524
2015_Ahlbach|len=6|Circle,2015_Ahlbach,Chemistry + Site + Context,7211,3,10,45,29,0.6444444444444445,0.41818181818181815
2015_Ahlbach|len=6|Circle,2015_Ahlbach,ECFP,7211,3,10,45,28,0.6222222222222222,0.37426130267530777
2015_Bockus_1|len=6|Circle,2015_Bockus_1,Sequence,7209,4,11,51,24,0.47058823529411764,-0.06045233700886913
2015_Bockus_1|len=6|Circle,2015_Bockus_1,Chemistry,7209,4,11,51,20,0.39215686274509803,-0.26308045265711594
2015_Bockus_1|len=6|Circle,2015_Bockus_1,Chemistry + Site,7209,4,11,51,31,0.6078431372549019,0.24537299998194012
2015_Bockus_1|len=6|Circle,2015_Bockus_1,Chemistry + Site + Context,7209,4,11,51,30,0.5882352941176471,0.2916697924313628
2015_Bockus_1|len=6|Circle,2015_Bockus_1,ECFP,7209,4,11,51,26,0.5098039215686274,
2015_Bockus_2|len=6|Circle,2015_Bockus_2,Sequence,7207,5,12,65,35,0.5384615384615384,0.008995657944263859
2015_Bockus_2|len=6|Circle,2015_Bockus_2,Chemistry,7207,5,12,65,35,0.5384615384615384,0.015929827321607748
2015_Bockus_2|len=6|Circle,2015_Bockus_2,Chemistry + Site,7207,5,12,65,37,0.5692307692307692,0.1366026613259775
2015_Bockus_2|len=6|Circle,2015_Bockus_2,Chemistry + Site + Context,7207,5,12,65,36,0.5538461538461539,0.12609476430090236
2015_Bockus_2|len=6|Circle,2015_Bockus_2,ECFP,7207,5,12,65,17,0.26153846153846155,-0.5817232182438087
2015_Marelli|len=6|Circle,2015_Marelli,Sequence,7214,3,7,20,9,0.45,-0.381385035698237
2015_Marelli|len=6|Circle,2015_Marelli,Chemistry,7214,3,7,20,11,0.55,0.18018749253911182
2015_Marelli|len=6|Circle,2015_Marelli,Chemistry + Site,7214,3,7,20,12,0.6,0.21622499104693418
2015_Marelli|len=6|Circle,2015_Marelli,Chemistry + Site + Context,7214,3,7,20,12,0.6,0.09009374626955591
2015_Marelli|len=6|Circle,2015_Marelli,ECFP,7214,3,7,20,9,0.45,-0.31486880929507033
2015_Wang|len=6|Circle,2015_Wang,Sequence,7162,18,44,881,548,0.6220204313280363,0.32756191275076857
2015_Wang|len=6|Circle,2015_Wang,Chemistry,7162,18,44,881,588,0.6674233825198638,0.45230883588936893
2015_Wang|len=6|Circle,2015_Wang,Chemistry + Site,7162,18,44,881,617,0.7003405221339387,0.5035743297279983
2015_Wang|len=6|Circle,2015_Wang,Chemistry + Site + Context,7162,18,44,881,601,0.6821793416572077,0.47160333864255055
2015_Wang|len=6|Circle,2015_Wang,ECFP,7162,18,44,881,582,0.6606129398410897,0.4399426196202918
2016_Hickey|len=5|Circle,2016_Hickey,Sequence,7209,4,11,54,36,0.6666666666666666,0.4035394609486496
2016_Hickey|len=5|Circle,2016_Hickey,Chemistry,7209,4,11,54,42,0.7777777777777778,0.7602739726027398
2016_Hickey|len=5|Circle,2016_Hickey,Chemistry + Site,7209,4,11,54,35,0.6481481481481481,0.5558100980454104
2016_Hickey|len=5|Circle,2016_Hickey,Chemistry + Site + Context,7209,4,11,54,37,0.6851851851851852,0.5831450209001027
2016_Hickey|len=5|Circle,2016_Hickey,ECFP,7209,4,11,54,26,0.48148148148148145,-0.009216981340741337
2017_Pye|len=8|Circle,2017_Pye,Sequence,7210,4,10,44,39,0.8863636363636364,0.7773243302808225
2017_Pye|len=8|Circle,2017_Pye,Chemistry,7210,4,10,44,42,0.9545454545454546,0.866357072956159
2017_Pye|len=8|Circle,2017_Pye,Chemistry + Site,7210,4,10,44,34,0.7727272727272727,0.672890787717533
2017_Pye|len=8|Circle,2017_Pye,Chemistry + Site + Context,7210,4,10,44,33,0.75,0.6330304829932153
2017_Pye|len=8|Circle,2017_Pye,ECFP,7210,4,10,44,27,0.6136363636363636,0.14835432873622
2016_Furukawa|len=6|Circle,2016_Furukawa,Sequence,6536,206,482,115513,48954,0.42379645581016856,-0.13145359503707793
2016_Furukawa|len=6|Circle,2016_Furukawa,Chemistry,6536,206,482,115513,84187,0.7288097443577779,0.6430948805921436
2016_Furukawa|len=6|Circle,2016_Furukawa,Chemistry + Site,6536,206,482,115513,78823,0.6823734125163402,0.5357850535018436
2016_Furukawa|len=6|Circle,2016_Furukawa,Chemistry + Site + Context,6536,206,482,115513,79509,0.6883121380277545,0.5423587230380211
2016_Furukawa|len=6|Circle,2016_Furukawa,ECFP,6536,206,482,115513,51133,0.4426601334914685,-0.1749339544376484
2018_Naylor|len=6|Circle,2018_Naylor,Sequence,7170,16,38,695,407,0.5856115107913669,0.27735467565610233
2018_Naylor|len=6|Circle,2018_Naylor,Chemistry,7170,16,38,695,536,0.7712230215827338,0.6851700289572078
2018_Naylor|len=6|Circle,2018_Naylor,Chemistry + Site,7170,16,38,695,502,0.7223021582733813,0.5817505769152961
2018_Naylor|len=6|Circle,2018_Naylor,Chemistry + Site + Context,7170,16,38,695,490,0.7050359712230215,0.5609503116511059
2018_Naylor|len=6|Circle,2018_Naylor,ECFP,7170,16,38,695,480,0.6906474820143885,0.5321874826051696
2018_Naylor|len=11|Circle,2018_Naylor,Sequence,7215,3,6,15,6,0.4,-0.15179418517972906
2018_Naylor|len=11|Circle,2018_Naylor,Chemistry,7215,3,6,15,10,0.6666666666666666,0.48571428571428577
2018_Naylor|len=11|Circle,2018_Naylor,Chemistry + Site,7215,3,6,15,11,0.7333333333333333,0.5428571428571429
2018_Naylor|len=11|Circle,2018_Naylor,Chemistry + Site + Context,7215,3,6,15,12,0.8,0.7714285714285715
2018_Naylor|len=11|Circle,2018_Naylor,ECFP,7215,3,6,15,3,0.2,-0.8406680016960503
2018_Naylor|len=7|Circle,2018_Naylor,Sequence,7215,3,6,15,12,0.8,0.753702346348183
2018_Naylor|len=7|Circle,2018_Naylor,Chemistry,7215,3,6,15,13,0.8666666666666667,0.7356123579206245
2018_Naylor|len=7|Circle,2018_Naylor,Chemistry + Site,7215,3,6,15,12,0.8,0.6571428571428573
2018_Naylor|len=7|Circle,2018_Naylor,Chemistry + Site + Context,7215,3,6,15,13,0.8666666666666667,0.8285714285714287
2018_Naylor|len=7|Circle,2018_Naylor,ECFP,7215,3,6,15,9,0.6,0.2571428571428572
2018_Ramalho|len=8|Circle,2018_Ramalho,Sequence,7214,3,7,0,0,,
2018_Ramalho|len=8|Circle,2018_Ramalho,Chemistry,7214,3,7,0,0,,
2018_Ramalho|len=8|Circle,2018_Ramalho,Chemistry + Site,7214,3,7,0,0,,
2018_Ramalho|len=8|Circle,2018_Ramalho,Chemistry + Site + Context,7214,3,7,0,0,,
2018_Ramalho|len=8|Circle,2018_Ramalho,ECFP,7214,3,7,0,0,,
2019_Ono|len=6|Circle,2019_Ono,Sequence,7216,3,5,10,8,0.8,
2019_Ono|len=6|Circle,2019_Ono,Chemistry,7216,3,5,10,7,0.7,0.3689323936863109
2019_Ono|len=6|Circle,2019_Ono,Chemistry + Site,7216,3,5,10,5,0.5,0.09999999999999999
2019_Ono|len=6|Circle,2019_Ono,Chemistry + Site + Context,7216,3,5,10,6,0.6,0.49999999999999994
2019_Ono|len=6|Circle,2019_Ono,ECFP,7216,3,5,10,8,0.8,
2020_Barlow|len=5|Circle,2020_Barlow,Sequence,7198,7,19,143,83,0.5804195804195804,0.1529628089717782
2020_Barlow|len=5|Circle,2020_Barlow,Chemistry,7198,7,19,143,122,0.8531468531468531,0.8027486465714839
2020_Barlow|len=5|Circle,2020_Barlow,Chemistry + Site,7198,7,19,143,127,0.8881118881118881,0.8813371753421532
2020_Barlow|len=5|Circle,2020_Barlow,Chemistry + Site + Context,7198,7,19,143,125,0.8741258741258742,0.8640203125381191
2020_Barlow|len=5|Circle,2020_Barlow,ECFP,7198,7,19,143,94,0.6573426573426573,0.38705894257870116
2020_Furukawa|len=10|Circle,2020_Furukawa,Sequence,7188,10,26,325,164,0.5046153846153846,0.08960541631330624
2020_Furukawa|len=10|Circle,2020_Furukawa,Chemistry,7188,10,26,325,164,0.5046153846153846,0.021929127541532256
2020_Furukawa|len=10|Circle,2020_Furukawa,Chemistry + Site,7188,10,26,325,153,0.4707692307692308,-0.10222222222222223
2020_Furukawa|len=10|Circle,2020_Furukawa,Chemistry + Site + Context,7188,10,26,325,133,0.40923076923076923,-0.2711111111111111
2020_Furukawa|len=10|Circle,2020_Furukawa,ECFP,7188,10,26,325,207,0.6369230769230769,0.37504273504273505
2020_Hosono|len=6|Circle,2020_Hosono,Sequence,7213,3,8,27,13,0.48148148148148145,
2020_Hosono|len=6|Circle,2020_Hosono,Chemistry,7213,3,8,27,18,0.6666666666666666,0.655966919110482
2020_Hosono|len=6|Circle,2020_Hosono,Chemistry + Site,7213,3,8,27,14,0.5185185185185185,0.11976262619132588
2020_Hosono|len=6|Circle,2020_Hosono,Chemistry + Site + Context,7213,3,8,27,18,0.6666666666666666,0.3952166664313755
2020_Hosono|len=6|Circle,2020_Hosono,ECFP,7213,3,8,27,11,0.4074074074074074,-0.31491082421467265
2020_Townsend|len=6|Circle,2020_Townsend,Sequence,6161,318,745,275165,170637,0.6201261061544892,0.22327905686656843
2020_Townsend|len=6|Circle,2020_Townsend,Chemistry,6161,318,745,275165,209085,0.7598531790016899,0.7065861248075408
2020_Townsend|len=6|Circle,2020_Townsend,Chemistry + Site,6161,318,745,275165,204649,0.7437319426525902,0.6687938152621644
2020_Townsend|len=6|Circle,2020_Townsend,Chemistry + Site + Context,6161,318,745,275165,198735,0.7222393836425417,0.617303695215648
2020_Townsend|len=6|Circle,2020_Townsend,ECFP,6161,318,745,275165,201136,0.7309650573292388,0.6396045414160282
2020_Townsend|len=7|Circle,2020_Townsend,Sequence,5201,606,1417,992055,598514,0.6033072763102852,0.29776396857307075
2020_Townsend|len=7|Circle,2020_Townsend,Chemistry,5201,606,1417,992055,663462,0.6687754207176013,0.47343393381157756
2020_Townsend|len=7|Circle,2020_Townsend,Chemistry + Site,5201,606,1417,992055,667201,0.6725443649797642,0.48569736642088696
2020_Townsend|len=7|Circle,2020_Townsend,Chemistry + Site + Context,5201,606,1417,992055,653470,0.6587033985010912,0.4497804152189985
2020_Townsend|len=7|Circle,2020_Townsend,ECFP,5201,606,1417,992055,708182,0.71385356658653,0.5863953770057182
2021_Comeau|len=4|Circle,2021_Comeau,Sequence,7182,12,30,432,270,0.625,0.4006698124233516
2021_Comeau|len=4|Circle,2021_Comeau,Chemistry,7182,12,30,432,228,0.5277777777777778,0.15001469267918235
2021_Comeau|len=4|Circle,2021_Comeau,Chemistry + Site,7182,12,30,432,291,0.6736111111111112,0.5292463089579403
2021_Comeau|len=4|Circle,2021_Comeau,Chemistry + Site + Context,7182,12,30,432,294,0.6805555555555556,0.48156901704427846
2021_Comeau|len=4|Circle,2021_Comeau,ECFP,7182,12,30,432,273,0.6319444444444444,0.35491441692222364
2021_Golosov|len=6|Circle,2021_Golosov,Sequence,7205,5,14,87,52,0.5977011494252874,0.039396781977151525
2021_Golosov|len=6|Circle,2021_Golosov,Chemistry,7205,5,14,87,62,0.7126436781609196,0.4877341499336346
2021_Golosov|len=6|Circle,2021_Golosov,Chemistry + Site,7205,5,14,87,61,0.7011494252873564,0.5094133799194859
2021_Golosov|len=6|Circle,2021_Golosov,Chemistry + Site + Context,7205,5,14,87,54,0.6206896551724138,0.3745876934760861
2021_Golosov|len=6|Circle,2021_Golosov,ECFP,7205,5,14,87,61,0.7011494252873564,0.4808910606869741
2021_Wang|len=10|Circle,2021_Wang,Sequence,7200,7,17,125,64,0.512,0.07587540074812729
2021_Wang|len=10|Circle,2021_Wang,Chemistry,7200,7,17,125,92,0.736,0.6107347830709918
2021_Wang|len=10|Circle,2021_Wang,Chemistry + Site,7200,7,17,125,88,0.704,0.646409271396097
2021_Wang|len=10|Circle,2021_Wang,Chemistry + Site + Context,7200,7,17,125,76,0.608,0.263536087569178
2021_Wang|len=10|Circle,2021_Wang,ECFP,7200,7,17,125,69,0.552,0.16677971194887428
2022_Bhardwaj|len=6|Circle,2022_Bhardwaj,Sequence,7214,3,7,21,16,0.7619047619047619,0.495600591294688
2022_Bhardwaj|len=6|Circle,2022_Bhardwaj,Chemistry,7214,3,7,21,17,0.8095238095238095,0.642857142857143
2022_Bhardwaj|len=6|Circle,2022_Bhardwaj,Chemistry + Site,7214,3,7,21,13,0.6190476190476191,0.3214285714285715
2022_Bhardwaj|len=6|Circle,2022_Bhardwaj,Chemistry + Site + Context,7214,3,7,21,15,0.7142857142857143,0.642857142857143
2022_Bhardwaj|len=6|Circle,2022_Bhardwaj,ECFP,7214,3,7,21,11,0.5238095238095238,0.28571428571428575
2022_Bhardwaj|len=8|Circle,2022_Bhardwaj,Sequence,7195,8,21,210,100,0.47619047619047616,-0.0818713623124665
2022_Bhardwaj|len=8|Circle,2022_Bhardwaj,Chemistry,7195,8,21,210,113,0.5380952380952381,0.12146801550023983
2022_Bhardwaj|len=8|Circle,2022_Bhardwaj,Chemistry + Site,7195,8,21,210,124,0.5904761904761905,0.27662337662337666
2022_Bhardwaj|len=8|Circle,2022_Bhardwaj,Chemistry + Site + Context,7195,8,21,210,126,0.6,0.26103896103896107
2022_Bhardwaj|len=8|Circle,2022_Bhardwaj,ECFP,7195,8,21,210,121,0.5761904761904761,0.22337662337662337
2021_Kelly|len=10|Lariat,2021_Kelly,Sequence,5705,455,1064,562762,274445,0.48767507400997223,0.04006470253183752
2021_Kelly|len=10|Lariat,2021_Kelly,Chemistry,5705,455,1064,562762,369160,0.6559789040482478,0.45817847014974694
2021_Kelly|len=10|Lariat,2021_Kelly,Chemistry + Site,5705,455,1064,562762,379737,0.6747737054029945,0.5044557191318535
2021_Kelly|len=10|Lariat,2021_Kelly,Chemistry + Site + Context,5705,455,1064,562762,382665,0.679976615336501,0.5173748462353986
2021_Kelly|len=10|Lariat,2021_Kelly,ECFP,5705,455,1064,562762,371636,0.6603786325302703,0.47692985003860056
2022_Bhardwaj|len=9|Circle,2022_Bhardwaj,Sequence,7191,9,24,274,174,0.635036496350365,0.3876441248994407
2022_Bhardwaj|len=9|Circle,2022_Bhardwaj,Chemistry,7191,9,24,274,168,0.6131386861313869,0.32847510022343174
2022_Bhardwaj|len=9|Circle,2022_Bhardwaj,Chemistry + Site,7191,9,24,274,162,0.5912408759124088,0.31926927770185204
2022_Bhardwaj|len=9|Circle,2022_Bhardwaj,Chemistry + Site + Context,7191,9,24,274,167,0.6094890510948905,0.36668120041234503
2022_Bhardwaj|len=9|Circle,2022_Bhardwaj,ECFP,7191,9,24,274,154,0.5620437956204379,0.18747283200204118
2022_Bhardwaj|len=10|Circle,2022_Bhardwaj,Sequence,7189,10,25,298,177,0.5939597315436241,0.30221367258652077
2022_Bhardwaj|len=10|Circle,2022_Bhardwaj,Chemistry,7189,10,25,298,181,0.6073825503355704,0.2601000577293148
2022_Bhardwaj|len=10|Circle,2022_Bhardwaj,Chemistry + Site,7189,10,25,298,208,0.697986577181208,0.48518664614891427
2022_Bhardwaj|len=10|Circle,2022_Bhardwaj,Chemistry + Site + Context,7189,10,25,298,211,0.7080536912751678,0.5509811873792587
2022_Bhardwaj|len=10|Circle,2022_Bhardwaj,ECFP,7189,10,25,298,180,0.6040268456375839,0.29973068782712464
2022_Bhardwaj|len=11|Circle,2022_Bhardwaj,Sequence,7208,4,12,65,48,0.7384615384615385,0.5456140350877193
2022_Bhardwaj|len=11|Circle,2022_Bhardwaj,Chemistry,7208,4,12,65,40,0.6153846153846154,0.3502632341691732
2022_Bhardwaj|len=11|Circle,2022_Bhardwaj,Chemistry + Site,7208,4,12,65,43,0.6615384615384615,0.4833632631534589
2022_Bhardwaj|len=11|Circle,2022_Bhardwaj,Chemistry + Site + Context,7208,4,12,65,47,0.7230769230769231,0.5604211746706771
2022_Bhardwaj|len=11|Circle,2022_Bhardwaj,ECFP,7208,4,12,65,45,0.6923076923076923,0.5604211746706771
2022_Lee|len=11|Circle,2022_Lee,Sequence,7200,7,17,130,38,0.2923076923076923,-0.6010272368857222
2022_Lee|len=11|Circle,2022_Lee,Chemistry,7200,7,17,130,49,0.3769230769230769,-0.36669311999567594
2022_Lee|len=11|Circle,2022_Lee,Chemistry + Site,7200,7,17,130,47,0.36153846153846153,-0.3791233952497666
2022_Lee|len=11|Circle,2022_Lee,Chemistry + Site + Context,7200,7,17,130,35,0.2692307692307692,-0.595410184670945
2022_Lee|len=11|Circle,2022_Lee,ECFP,7200,7,17,130,83,0.6384615384615384,0.4458158505699205
2022_Taechalertpaisarn|len=6|Circle,2022_Taechalertpaisarn,Sequence,7172,15,37,665,478,0.718796992481203,0.6891707297735786
2022_Taechalertpaisarn|len=6|Circle,2022_Taechalertpaisarn,Chemistry,7172,15,37,665,472,0.7097744360902256,0.601592887998225
2022_Taechalertpaisarn|len=6|Circle,2022_Taechalertpaisarn,Chemistry + Site,7172,15,37,665,506,0.7609022556390977,0.7145146547303382
2022_Taechalertpaisarn|len=6|Circle,2022_Taechalertpaisarn,Chemistry + Site + Context,7172,15,37,665,537,0.8075187969924812,0.8014711949789416
2022_Taechalertpaisarn|len=6|Circle,2022_Taechalertpaisarn,ECFP,7172,15,37,665,406,0.6105263157894737,0.36927481386586825
2023_Ghosh|len=6|Circle,2023_Ghosh,Sequence,7205,5,14,91,66,0.7252747252747253,0.8328046465275425
2023_Ghosh|len=6|Circle,2023_Ghosh,Chemistry,7205,5,14,91,68,0.7472527472527473,0.7557322834011807
2023_Ghosh|len=6|Circle,2023_Ghosh,Chemistry + Site,7205,5,14,91,72,0.7912087912087912,0.7626373626373627
2023_Ghosh|len=6|Circle,2023_Ghosh,Chemistry + Site + Context,7205,5,14,91,76,0.8351648351648352,0.8549450549450549
2023_Ghosh|len=6|Circle,2023_Ghosh,ECFP,7205,5,14,91,69,0.7582417582417582,0.7334819555076878
2023_Ghosh|len=7|Circle,2023_Ghosh,Sequence,7216,3,5,9,4,0.4444444444444444,
2023_Ghosh|len=7|Circle,2023_Ghosh,Chemistry,7216,3,5,9,4,0.4444444444444444,
2023_Ghosh|len=7|Circle,2023_Ghosh,Chemistry + Site,7216,3,5,9,5,0.5555555555555556,0.15389675281277312
2023_Ghosh|len=7|Circle,2023_Ghosh,Chemistry + Site + Context,7216,3,5,9,4,0.4444444444444444,0.05129891760425771
2023_Ghosh|len=7|Circle,2023_Ghosh,ECFP,7216,3,5,9,2,0.2222222222222222,-0.5735393346764044
2023_Ghosh|len=8|Circle,2023_Ghosh,Sequence,7215,3,6,15,11,0.7333333333333333,
2023_Ghosh|len=8|Circle,2023_Ghosh,Chemistry,7215,3,6,15,10,0.6666666666666666,0.2927700218845599
2023_Ghosh|len=8|Circle,2023_Ghosh,Chemistry + Site,7215,3,6,15,9,0.6,0.15179418517972906
2023_Ghosh|len=8|Circle,2023_Ghosh,Chemistry + Site + Context,7215,3,6,15,5,0.3333333333333333,-0.5768179036829705
2023_Ghosh|len=8|Circle,2023_Ghosh,ECFP,7215,3,6,15,7,0.4666666666666667,-0.029424494316824982
2024_Faris|len=9|Circle,2024_Faris,Sequence,6990,70,164,13176,5325,0.404143897996357,-0.2942117598295144
2024_Faris|len=9|Circle,2024_Faris,Chemistry,6990,70,164,13176,7183,0.5451578627808136,0.1499636182828987
2024_Faris|len=9|Circle,2024_Faris,Chemistry + Site,6990,70,164,13176,7059,0.5357468123861566,0.10094689271482829
2024_Faris|len=9|Circle,2024_Faris,Chemistry + Site + Context,6990,70,164,13176,7209,0.5471311475409836,0.13029343167478424
2024_Faris|len=9|Circle,2024_Faris,ECFP,6990,70,164,13176,7121,0.5404523375834851,0.1295045794459556
2024_Koch|len=9|Circle,2024_Koch,Sequence,7170,16,38,703,365,0.519203413940256,0.043366506966222074
2024_Koch|len=9|Circle,2024_Koch,Chemistry,7170,16,38,703,363,0.5163584637268848,0.05838540034833173
2024_Koch|len=9|Circle,2024_Koch,Chemistry + Site,7170,16,38,703,442,0.6287339971550497,0.36625803571960747
2024_Koch|len=9|Circle,2024_Koch,Chemistry + Site + Context,7170,16,38,703,377,0.5362731152204836,0.12125533702143115
2024_Koch|len=9|Circle,2024_Koch,ECFP,7170,16,38,703,401,0.5704125177809388,0.16442887953880117
2024_Otani|len=5|Circle,2024_Otani,Sequence,7216,3,5,10,8,0.8,0.7071067811865475
2024_Otani|len=5|Circle,2024_Otani,Chemistry,7216,3,5,10,4,0.4,-0.5642880936468347
2024_Otani|len=5|Circle,2024_Otani,Chemistry + Site,7216,3,5,10,2,0.2,-0.7
2024_Otani|len=5|Circle,2024_Otani,Chemistry + Site + Context,7216,3,5,10,8,0.8,0.7
2024_Otani|len=5|Circle,2024_Otani,ECFP,7216,3,5,10,6,0.6,0.10540925533894596
