cutoff,sample_id,max_tanimoto,mean_top5_tanimoto
2021,CYCPEPTMPDB_PAMPA_006682,0.8333333333333334,0.7322595704948646
2021,CYCPEPTMPDB_PAMPA_007093,0.5443037974683544,0.5307729500551043
2021,CYCPEPTMPDB_PAMPA_006328,0.6081081081081081,0.5551813083208431
2021,CYCPEPTMPDB_PAMPA_005960,0.5121951219512195,0.4814959955708381
2021,CYCPEPTMPDB_PAMPA_005612,0.524390243902439,0.4932451080777797
2021,CYCPEPTMPDB_PAMPA_005693,0.47368421052631576,0.47368421052631576
2021,CYCPEPTMPDB_PAMPA_005291,0.524390243902439,0.4932451080777797
2021,CYCPEPTMPDB_PAMPA_005384,0.5238095238095238,0.4832068808384598
2021,CYCPEPTMPDB_PAMPA_006046,0.5238095238095238,0.4832068808384598
2021,CYCPEPTMPDB_PAMPA_006466,0.6081081081081081,0.5551813083208431
2021,CYCPEPTMPDB_PAMPA_007083,0.5443037974683544,0.5307729500551043
2021,CYCPEPTMPDB_PAMPA_005645,0.524390243902439,0.4932451080777797
2021,CYCPEPTMPDB_PAMPA_005252,0.5357142857142857,0.4920616883116883
2021,CYCPEPTMPDB_PAMPA_005515,0.5121951219512195,0.4814959955708381
2021,CYCPEPTMPDB_PAMPA_006018,0.5357142857142857,0.4920616883116883
2021,CYCPEPTMPDB_PAMPA_005573,0.5357142857142857,0.4920616883116883
2021,CYCPEPTMPDB_PAMPA_006430,0.5384615384615384,0.5137046861184793
2021,CYCPEPTMPDB_PAMPA_005649,0.47368421052631576,0.47368421052631576
2021,CYCPEPTMPDB_PAMPA_005486,0.5119047619047619,0.48189048065336726
2021,CYCPEPTMPDB_PAMPA_005674,0.5121951219512195,0.4814959955708381
2021,CYCPEPTMPDB_PAMPA_007082,0.5952380952380952,0.5704775616540323
2021,CYCPEPTMPDB_PAMPA_006321,0.5833333333333334,0.5459058248531934
2021,CYCPEPTMPDB_PAMPA_007009,0.6571428571428571,0.6142911523193214
2021,CYCPEPTMPDB_PAMPA_005916,0.4431818181818182,0.4380616509926855
2021,CYCPEPTMPDB_PAMPA_007186,0.575,0.5407434660555708
2021,CYCPEPTMPDB_PAMPA_006102,0.4772727272727273,0.4590909090909091
2021,CYCPEPTMPDB_PAMPA_006316,0.6081081081081081,0.5551813083208431
2021,CYCPEPTMPDB_PAMPA_005760,0.524390243902439,0.4932451080777797
2021,CYCPEPTMPDB_PAMPA_006844,0.676056338028169,0.6392567868090479
2021,CYCPEPTMPDB_PAMPA_005238,0.5357142857142857,0.4920616883116883
2021,CYCPEPTMPDB_PAMPA_006859,0.6901408450704225,0.6354403357946723
2021,CYCPEPTMPDB_PAMPA_006526,0.6285714285714286,0.5950813743218807
2021,CYCPEPTMPDB_PAMPA_005517,0.5121951219512195,0.4814959955708381
2021,CYCPEPTMPDB_PAMPA_005895,0.5238095238095238,0.4832068808384598
2021,CYCPEPTMPDB_PAMPA_005711,0.5119047619047619,0.48189048065336726
2021,CYCPEPTMPDB_PAMPA_005391,0.5357142857142857,0.4920616883116883
2021,CYCPEPTMPDB_PAMPA_005497,0.47368421052631576,0.47368421052631576
2021,CYCPEPTMPDB_PAMPA_005184,0.5238095238095238,0.4832068808384598
2021,CYCPEPTMPDB_PAMPA_006638,0.4424778761061947,0.42232530377575755
2021,CYCPEPTMPDB_PAMPA_007243,0.6666666666666666,0.6232205871846707
2021,CYCPEPTMPDB_PAMPA_005227,0.5357142857142857,0.4920616883116883
2021,CYCPEPTMPDB_PAMPA_006273,0.5945945945945946,0.5450900493253434
2021,CYCPEPTMPDB_PAMPA_006340,0.5833333333333334,0.5459058248531934
2021,CYCPEPTMPDB_PAMPA_006656,0.43333333333333335,0.42538789626522544
2021,CYCPEPTMPDB_PAMPA_006838,0.875,0.875
2021,CYCPEPTMPDB_PAMPA_005820,0.4772727272727273,0.4590909090909091
2021,CYCPEPTMPDB_PAMPA_006419,0.5789473684210527,0.5472460220318238
2021,CYCPEPTMPDB_PAMPA_005365,0.47368421052631576,0.47368421052631576
2021,CYCPEPTMPDB_PAMPA_006725,0.6296296296296297,0.6244872456661075
2021,CYCPEPTMPDB_PAMPA_006013,0.5357142857142857,0.4920616883116883
2021,CYCPEPTMPDB_PAMPA_007100,0.5952380952380952,0.5704775616540323
2021,CYCPEPTMPDB_PAMPA_006655,0.5048543689320388,0.5048543689320388
2021,CYCPEPTMPDB_PAMPA_005471,0.47368421052631576,0.47368421052631576
2021,CYCPEPTMPDB_PAMPA_005429,0.5238095238095238,0.4832068808384598
2021,CYCPEPTMPDB_PAMPA_006439,0.5972222222222222,0.5592846895478474
2021,CYCPEPTMPDB_PAMPA_007240,0.631578947368421,0.5785372522214628
2021,CYCPEPTMPDB_PAMPA_006214,0.47368421052631576,0.47368421052631576
2021,CYCPEPTMPDB_PAMPA_006006,0.4772727272727273,0.4590909090909091
2021,CYCPEPTMPDB_PAMPA_005872,0.5357142857142857,0.4920616883116883
2021,CYCPEPTMPDB_PAMPA_007085,0.5443037974683544,0.5307729500551043
2021,CYCPEPTMPDB_PAMPA_005424,0.47560975609756095,0.45889654871503993
2021,CYCPEPTMPDB_PAMPA_006881,0.6101694915254238,0.6101694915254238
2021,CYCPEPTMPDB_PAMPA_005108,0.5652173913043478,0.5629901823281908
2021,CYCPEPTMPDB_PAMPA_005993,0.4431818181818182,0.4380616509926855
2021,CYCPEPTMPDB_PAMPA_005267,0.5238095238095238,0.4832068808384598
2021,CYCPEPTMPDB_PAMPA_005356,0.47368421052631576,0.47368421052631576
2021,CYCPEPTMPDB_PAMPA_006499,0.618421052631579,0.618421052631579
2021,CYCPEPTMPDB_PAMPA_006736,0.8108108108108109,0.7654990079647613
2021,CYCPEPTMPDB_PAMPA_005997,0.47368421052631576,0.47368421052631576
2021,CYCPEPTMPDB_PAMPA_005354,0.47560975609756095,0.45889654871503993
2021,CYCPEPTMPDB_PAMPA_005940,0.5357142857142857,0.4920616883116883
2021,CYCPEPTMPDB_PAMPA_005234,0.5121951219512195,0.4814959955708381
2021,CYCPEPTMPDB_PAMPA_005415,0.5121951219512195,0.4814959955708381
2021,CYCPEPTMPDB_PAMPA_006878,0.6101694915254238,0.6101694915254238
2021,CYCPEPTMPDB_PAMPA_006524,0.696969696969697,0.6374529947664277
2021,CYCPEPTMPDB_PAMPA_006458,0.6081081081081081,0.5551813083208431
2021,CYCPEPTMPDB_PAMPA_005654,0.4772727272727273,0.4590909090909091
2021,CYCPEPTMPDB_PAMPA_005235,0.5121951219512195,0.4814959955708381
2021,CYCPEPTMPDB_PAMPA_007113,0.4375,0.4156773690903129
2021,CYCPEPTMPDB_PAMPA_005627,0.4431818181818182,0.4380616509926855
2021,CYCPEPTMPDB_PAMPA_005320,0.5357142857142857,0.4920616883116883
2021,CYCPEPTMPDB_PAMPA_005819,0.5119047619047619,0.48189048065336726
2021,CYCPEPTMPDB_PAMPA_007094,0.5952380952380952,0.5704775616540323
2021,CYCPEPTMPDB_PAMPA_006799,0.734375,0.6988695214860469
2021,CYCPEPTMPDB_PAMPA_005421,0.4431818181818182,0.4380616509926855
2021,CYCPEPTMPDB_PAMPA_006559,0.6875,0.6413731856378915
2021,CYCPEPTMPDB_PAMPA_006547,0.6285714285714286,0.5950813743218807
2021,CYCPEPTMPDB_PAMPA_005810,0.5119047619047619,0.48189048065336726
2021,CYCPEPTMPDB_PAMPA_005942,0.5357142857142857,0.4920616883116883
2021,CYCPEPTMPDB_PAMPA_005289,0.5238095238095238,0.4832068808384598
2021,CYCPEPTMPDB_PAMPA_005669,0.5357142857142857,0.4920616883116883
2021,CYCPEPTMPDB_PAMPA_006042,0.47368421052631576,0.47368421052631576
2021,CYCPEPTMPDB_PAMPA_005599,0.4431818181818182,0.4380616509926855
2021,CYCPEPTMPDB_PAMPA_006453,0.5789473684210527,0.5472460220318238
2021,CYCPEPTMPDB_PAMPA_006747,0.6571428571428571,0.5988047508047508
2021,CYCPEPTMPDB_PAMPA_005741,0.5357142857142857,0.4920616883116883
2021,CYCPEPTMPDB_PAMPA_005099,0.5915492957746479,0.5915492957746479
2021,CYCPEPTMPDB_PAMPA_006426,0.6081081081081081,0.5551813083208431
2021,CYCPEPTMPDB_PAMPA_005563,0.4787234042553192,0.4787234042553192
2021,CYCPEPTMPDB_PAMPA_005101,0.5588235294117647,0.5355585815662961
2021,CYCPEPTMPDB_PAMPA_006841,0.7333333333333333,0.7226666666666665
2021,CYCPEPTMPDB_PAMPA_005643,0.4772727272727273,0.4590909090909091
2021,CYCPEPTMPDB_PAMPA_005324,0.5357142857142857,0.4920616883116883
2021,CYCPEPTMPDB_PAMPA_006159,0.4431818181818182,0.4380616509926855
2021,CYCPEPTMPDB_PAMPA_005638,0.5238095238095238,0.4832068808384598
2021,CYCPEPTMPDB_PAMPA_005338,0.47560975609756095,0.45889654871503993
2021,CYCPEPTMPDB_PAMPA_005994,0.5119047619047619,0.48189048065336726
2021,CYCPEPTMPDB_PAMPA_006410,0.5789473684210527,0.5472460220318238
2021,CYCPEPTMPDB_PAMPA_006256,0.5357142857142857,0.4920616883116883
2021,CYCPEPTMPDB_PAMPA_006472,0.5972222222222222,0.5592846895478474
2021,CYCPEPTMPDB_PAMPA_006357,0.581081081081081,0.5446979975927344
2021,CYCPEPTMPDB_PAMPA_005938,0.5116279069767442,0.4875
2021,CYCPEPTMPDB_PAMPA_006746,0.765625,0.765625
2021,CYCPEPTMPDB_PAMPA_006434,0.5972222222222222,0.5592846895478474
2021,CYCPEPTMPDB_PAMPA_005372,0.5238095238095238,0.4832068808384598
2021,CYCPEPTMPDB_PAMPA_005757,0.524390243902439,0.4932451080777797
2021,CYCPEPTMPDB_PAMPA_006973,0.7333333333333333,0.7012121212121212
2021,CYCPEPTMPDB_PAMPA_005410,0.5357142857142857,0.4920616883116883
2021,CYCPEPTMPDB_PAMPA_005787,0.5121951219512195,0.4814959955708381
2021,CYCPEPTMPDB_PAMPA_006845,0.5844155844155844,0.5602503255552036
2021,CYCPEPTMPDB_PAMPA_005520,0.5357142857142857,0.4920616883116883
2021,CYCPEPTMPDB_PAMPA_005690,0.5119047619047619,0.48189048065336726
2021,CYCPEPTMPDB_PAMPA_007257,0.5465116279069767,0.5222141778487293
2021,CYCPEPTMPDB_PAMPA_005718,0.524390243902439,0.4932451080777797
2021,CYCPEPTMPDB_PAMPA_006451,0.5294117647058824,0.5294117647058824
2021,CYCPEPTMPDB_PAMPA_006586,0.504950495049505,0.504950495049505
2021,CYCPEPTMPDB_PAMPA_005323,0.5357142857142857,0.4920616883116883
2021,CYCPEPTMPDB_PAMPA_006394,0.5416666666666666,0.518903586886043
2021,CYCPEPTMPDB_PAMPA_006265,0.5294117647058824,0.5294117647058824
2021,CYCPEPTMPDB_PAMPA_006639,0.5154639175257731,0.5154639175257731
2021,CYCPEPTMPDB_PAMPA_006894,0.5932203389830508,0.5932203389830508
2021,CYCPEPTMPDB_PAMPA_005162,0.47560975609756095,0.45889654871503993
2021,CYCPEPTMPDB_PAMPA_005120,0.5833333333333334,0.5833333333333334
2021,CYCPEPTMPDB_PAMPA_005240,0.5116279069767442,0.4875
2021,CYCPEPTMPDB_PAMPA_005632,0.5119047619047619,0.48189048065336726
2021,CYCPEPTMPDB_PAMPA_005907,0.4431818181818182,0.4380616509926855
2021,CYCPEPTMPDB_PAMPA_006697,0.8461538461538461,0.808435199567772
2021,CYCPEPTMPDB_PAMPA_005181,0.524390243902439,0.4932451080777797
2021,CYCPEPTMPDB_PAMPA_006640,0.46601941747572817,0.4660194174757281
2021,CYCPEPTMPDB_PAMPA_006464,0.5972222222222222,0.5592846895478474
2021,CYCPEPTMPDB_PAMPA_006341,0.5833333333333334,0.5459058248531934
2021,CYCPEPTMPDB_PAMPA_005580,0.5121951219512195,0.4814959955708381
2021,CYCPEPTMPDB_PAMPA_006947,0.8867924528301887,0.8867924528301888
2021,CYCPEPTMPDB_PAMPA_007181,0.5897435897435898,0.5501242372994538
2021,CYCPEPTMPDB_PAMPA_006689,0.6981132075471698,0.6607090753688449
2021,CYCPEPTMPDB_PAMPA_006721,0.7692307692307693,0.7388077147866745
2021,CYCPEPTMPDB_PAMPA_005458,0.5116279069767442,0.4875
2021,CYCPEPTMPDB_PAMPA_006971,0.7142857142857143,0.70002886002886
2021,CYCPEPTMPDB_PAMPA_006431,0.5384615384615384,0.5137046861184793
2021,CYCPEPTMPDB_PAMPA_006122,0.524390243902439,0.4932451080777797
2021,CYCPEPTMPDB_PAMPA_006126,0.524390243902439,0.4932451080777797
2021,CYCPEPTMPDB_PAMPA_006657,0.43333333333333335,0.42475032581059924
2021,CYCPEPTMPDB_PAMPA_006668,0.51,0.51
2021,CYCPEPTMPDB_PAMPA_006343,0.6081081081081081,0.5551813083208431
2021,CYCPEPTMPDB_PAMPA_005761,0.47368421052631576,0.47368421052631576
2021,CYCPEPTMPDB_PAMPA_005460,0.5357142857142857,0.4920616883116883
2021,CYCPEPTMPDB_PAMPA_006335,0.5921052631578947,0.5488203266787659
2021,CYCPEPTMPDB_PAMPA_005173,0.4431818181818182,0.4380616509926855
2021,CYCPEPTMPDB_PAMPA_005123,0.5068493150684932,0.5068493150684932
2021,CYCPEPTMPDB_PAMPA_006766,0.75,0.7194202898550726
2021,CYCPEPTMPDB_PAMPA_005621,0.47368421052631576,0.47368421052631576
2021,CYCPEPTMPDB_PAMPA_005821,0.524390243902439,0.4932451080777797
2021,CYCPEPTMPDB_PAMPA_005151,0.5,0.49550561797752807
2021,CYCPEPTMPDB_PAMPA_005734,0.5357142857142857,0.4920616883116883
2021,CYCPEPTMPDB_PAMPA_005398,0.5121951219512195,0.4814959955708381
2021,CYCPEPTMPDB_PAMPA_005814,0.4431818181818182,0.4380616509926855
2021,CYCPEPTMPDB_PAMPA_005720,0.4787234042553192,0.4787234042553192
2021,CYCPEPTMPDB_PAMPA_005103,0.75,0.6433333333333333
2021,CYCPEPTMPDB_PAMPA_005899,0.5238095238095238,0.4832068808384598
2021,CYCPEPTMPDB_PAMPA_006145,0.5357142857142857,0.4920616883116883
2021,CYCPEPTMPDB_PAMPA_005432,0.4431818181818182,0.4380616509926855
2021,CYCPEPTMPDB_PAMPA_005143,0.4457831325301205,0.43439100941581454
2021,CYCPEPTMPDB_PAMPA_006860,0.6233766233766234,0.5913781250366617
2021,CYCPEPTMPDB_PAMPA_005202,0.5119047619047619,0.48189048065336726
2021,CYCPEPTMPDB_PAMPA_005445,0.5357142857142857,0.4920616883116883
2021,CYCPEPTMPDB_PAMPA_006175,0.45454545454545453,0.45301435406698565
2021,CYCPEPTMPDB_PAMPA_005334,0.5357142857142857,0.4920616883116883
2021,CYCPEPTMPDB_PAMPA_005309,0.46875,0.46875
2021,CYCPEPTMPDB_PAMPA_006240,0.4659090909090909,0.45151515151515154
2021,CYCPEPTMPDB_PAMPA_006548,0.6025641025641025,0.6025641025641025
2021,CYCPEPTMPDB_PAMPA_006415,0.581081081081081,0.5446979975927344
2021,CYCPEPTMPDB_PAMPA_005889,0.47560975609756095,0.45889654871503993
2021,CYCPEPTMPDB_PAMPA_006192,0.47368421052631576,0.47368421052631576
2021,CYCPEPTMPDB_PAMPA_006460,0.6081081081081081,0.5551813083208431
2021,CYCPEPTMPDB_PAMPA_006399,0.5294117647058824,0.5294117647058824
2021,CYCPEPTMPDB_PAMPA_006939,0.5208333333333334,0.4594227313566936
2021,CYCPEPTMPDB_PAMPA_007040,0.45348837209302323,0.4344347850384683
2021,CYCPEPTMPDB_PAMPA_005619,0.47368421052631576,0.47368421052631576
2021,CYCPEPTMPDB_PAMPA_005328,0.5357142857142857,0.4920616883116883
2021,CYCPEPTMPDB_PAMPA_005740,0.5357142857142857,0.4920616883116883
2021,CYCPEPTMPDB_PAMPA_006849,0.5421686746987951,0.5246599505845793
2021,CYCPEPTMPDB_PAMPA_005629,0.47560975609756095,0.45889654871503993
2021,CYCPEPTMPDB_PAMPA_006850,0.5662650602409639,0.5481760093595671
2021,CYCPEPTMPDB_PAMPA_005699,0.524390243902439,0.4932451080777797
2021,CYCPEPTMPDB_PAMPA_007135,0.4375,0.4156773690903129
2021,CYCPEPTMPDB_PAMPA_006170,0.5116279069767442,0.4875
2021,CYCPEPTMPDB_PAMPA_007263,0.5465116279069767,0.5222141778487293
2021,CYCPEPTMPDB_PAMPA_005156,0.5176470588235295,0.5106749699312509
2021,CYCPEPTMPDB_PAMPA_006560,0.5208333333333334,0.5208333333333334
2021,CYCPEPTMPDB_PAMPA_005188,0.4431818181818182,0.4380616509926855
2021,CYCPEPTMPDB_PAMPA_005762,0.5238095238095238,0.4832068808384598
2021,CYCPEPTMPDB_PAMPA_006385,0.5,0.49480519480519475
2021,CYCPEPTMPDB_PAMPA_006981,0.5952380952380952,0.5704775616540323
2021,CYCPEPTMPDB_PAMPA_005376,0.524390243902439,0.4932451080777797
2021,CYCPEPTMPDB_PAMPA_006389,0.581081081081081,0.5446979975927344
2021,CYCPEPTMPDB_PAMPA_005455,0.5357142857142857,0.4920616883116883
2021,CYCPEPTMPDB_PAMPA_006405,0.5789473684210527,0.5472460220318238
2021,CYCPEPTMPDB_PAMPA_007160,0.575,0.5407434660555708
2021,CYCPEPTMPDB_PAMPA_005943,0.4659090909090909,0.45151515151515154
2021,CYCPEPTMPDB_PAMPA_006302,0.6081081081081081,0.5551813083208431
2021,CYCPEPTMPDB_PAMPA_006695,0.7058823529411765,0.660643977707011
2021,CYCPEPTMPDB_PAMPA_005206,0.5238095238095238,0.4832068808384598
2021,CYCPEPTMPDB_PAMPA_005138,0.37037037037037035,0.3691457163351353
2021,CYCPEPTMPDB_PAMPA_005221,0.45454545454545453,0.45301435406698565
2021,CYCPEPTMPDB_PAMPA_005300,0.5357142857142857,0.4920616883116883
2021,CYCPEPTMPDB_PAMPA_005148,0.49019607843137253,0.47994939911448453
2021,CYCPEPTMPDB_PAMPA_005641,0.524390243902439,0.4932451080777797
2021,CYCPEPTMPDB_PAMPA_005164,0.4431818181818182,0.4380616509926855
2021,CYCPEPTMPDB_PAMPA_006413,0.5789473684210527,0.5472460220318238
2021,CYCPEPTMPDB_PAMPA_006900,0.6101694915254238,0.6101694915254238
2021,CYCPEPTMPDB_PAMPA_005279,0.4431818181818182,0.4380616509926855
2021,CYCPEPTMPDB_PAMPA_005233,0.5357142857142857,0.4920616883116883
2021,CYCPEPTMPDB_PAMPA_005995,0.5119047619047619,0.48189048065336726
2021,CYCPEPTMPDB_PAMPA_005892,0.47368421052631576,0.47368421052631576
2021,CYCPEPTMPDB_PAMPA_005228,0.5357142857142857,0.4920616883116883
2021,CYCPEPTMPDB_PAMPA_005176,0.5119047619047619,0.48189048065336726
2021,CYCPEPTMPDB_PAMPA_006822,0.6666666666666666,0.6666666666666666
2021,CYCPEPTMPDB_PAMPA_006892,0.6101694915254238,0.6101694915254238
2021,CYCPEPTMPDB_PAMPA_005637,0.5238095238095238,0.4832068808384598
2021,CYCPEPTMPDB_PAMPA_006952,1.0,0.9857142857142858
2021,CYCPEPTMPDB_PAMPA_006079,0.5357142857142857,0.4920616883116883
2021,CYCPEPTMPDB_PAMPA_005261,0.5119047619047619,0.48189048065336726
2021,CYCPEPTMPDB_PAMPA_005344,0.4431818181818182,0.4380616509926855
2021,CYCPEPTMPDB_PAMPA_005542,0.5238095238095238,0.4832068808384598
2021,CYCPEPTMPDB_PAMPA_006911,0.640625,0.636061507936508
2021,CYCPEPTMPDB_PAMPA_005954,0.45454545454545453,0.45301435406698565
2021,CYCPEPTMPDB_PAMPA_006497,0.618421052631579,0.618421052631579
2021,CYCPEPTMPDB_PAMPA_005193,0.4431818181818182,0.4380616509926855
2021,CYCPEPTMPDB_PAMPA_005901,0.47368421052631576,0.47368421052631576
2021,CYCPEPTMPDB_PAMPA_005833,0.47368421052631576,0.47368421052631576
2021,CYCPEPTMPDB_PAMPA_006552,0.6875,0.6413731856378915
2021,CYCPEPTMPDB_PAMPA_005198,0.5119047619047619,0.48189048065336726
2021,CYCPEPTMPDB_PAMPA_005530,0.47560975609756095,0.45889654871503993
2021,CYCPEPTMPDB_PAMPA_005170,0.47368421052631576,0.47368421052631576
2021,CYCPEPTMPDB_PAMPA_005673,0.4659090909090909,0.45151515151515154
2021,CYCPEPTMPDB_PAMPA_006605,0.5038759689922481,0.49656466748266015
2021,CYCPEPTMPDB_PAMPA_006551,0.6142857142857143,0.5861538461538462
2021,CYCPEPTMPDB_PAMPA_006326,0.5232558139534884,0.5232558139534884
2021,CYCPEPTMPDB_PAMPA_006014,0.4787234042553192,0.4787234042553192
2021,CYCPEPTMPDB_PAMPA_006422,0.6081081081081081,0.5551813083208431
2021,CYCPEPTMPDB_PAMPA_007088,0.5952380952380952,0.5704775616540323
2021,CYCPEPTMPDB_PAMPA_007039,0.4125,0.4008637638956788
2021,CYCPEPTMPDB_PAMPA_006980,0.5795454545454546,0.5503492397330227
2021,CYCPEPTMPDB_PAMPA_005858,0.5121951219512195,0.4814959955708381
2021,CYCPEPTMPDB_PAMPA_006085,0.5357142857142857,0.4920616883116883
2021,CYCPEPTMPDB_PAMPA_005484,0.4431818181818182,0.4380616509926855
2021,CYCPEPTMPDB_PAMPA_005331,0.5121951219512195,0.4814959955708381
2021,CYCPEPTMPDB_PAMPA_006848,0.5357142857142857,0.5186112802346821
2021,CYCPEPTMPDB_PAMPA_005363,0.4431818181818182,0.4380616509926855
2021,CYCPEPTMPDB_PAMPA_006425,0.6081081081081081,0.5551813083208431
2021,CYCPEPTMPDB_PAMPA_006932,0.4528301886792453,0.4068183865293598
2021,CYCPEPTMPDB_PAMPA_005213,0.524390243902439,0.4932451080777797
2021,CYCPEPTMPDB_PAMPA_006965,0.6785714285714286,0.6598522167487685
2021,CYCPEPTMPDB_PAMPA_005769,0.47368421052631576,0.47368421052631576
2021,CYCPEPTMPDB_PAMPA_005345,0.47368421052631576,0.47368421052631576
2021,CYCPEPTMPDB_PAMPA_006861,0.5714285714285714,0.5558723337878704
2021,CYCPEPTMPDB_PAMPA_007294,0.45588235294117646,0.41727494786234126
2021,CYCPEPTMPDB_PAMPA_005190,0.47560975609756095,0.45889654871503993
2021,CYCPEPTMPDB_PAMPA_005129,0.6376811594202898,0.6376811594202898
2021,CYCPEPTMPDB_PAMPA_007143,0.4375,0.4156773690903129
2021,CYCPEPTMPDB_PAMPA_007036,0.45348837209302323,0.4344347850384683
2021,CYCPEPTMPDB_PAMPA_005544,0.524390243902439,0.4932451080777797
2021,CYCPEPTMPDB_PAMPA_005812,0.5119047619047619,0.48189048065336726
2021,CYCPEPTMPDB_PAMPA_006561,0.5208333333333334,0.5208333333333334
2021,CYCPEPTMPDB_PAMPA_006862,0.5925925925925926,0.5632556691927417
2021,CYCPEPTMPDB_PAMPA_005096,0.532258064516129,0.5011182795698924
2021,CYCPEPTMPDB_PAMPA_006692,0.803921568627451,0.7524000857218738
2021,CYCPEPTMPDB_PAMPA_006197,0.524390243902439,0.4932451080777797
2021,CYCPEPTMPDB_PAMPA_006204,0.5119047619047619,0.48189048065336726
2021,CYCPEPTMPDB_PAMPA_007166,0.575,0.5407434660555708
2021,CYCPEPTMPDB_PAMPA_005178,0.47368421052631576,0.47368421052631576
2021,CYCPEPTMPDB_PAMPA_006589,0.5360824742268041,0.5360824742268041
2021,CYCPEPTMPDB_PAMPA_005772,0.5119047619047619,0.48189048065336726
2021,CYCPEPTMPDB_PAMPA_007265,0.631578947368421,0.6043004120272724
2021,CYCPEPTMPDB_PAMPA_006142,0.5357142857142857,0.4920616883116883
2021,CYCPEPTMPDB_PAMPA_005866,0.5116279069767442,0.4875
2021,CYCPEPTMPDB_PAMPA_006501,0.6764705882352942,0.6339366515837105
2021,CYCPEPTMPDB_PAMPA_007179,0.5897435897435898,0.5501242372994538
2021,CYCPEPTMPDB_PAMPA_006937,0.5,0.4400829935409374
2021,CYCPEPTMPDB_PAMPA_006828,0.7333333333333333,0.7333333333333333
2021,CYCPEPTMPDB_PAMPA_005500,0.524390243902439,0.4932451080777797
2021,CYCPEPTMPDB_PAMPA_007105,0.5443037974683544,0.5307729500551043
2021,CYCPEPTMPDB_PAMPA_006602,0.504950495049505,0.504950495049505
2021,CYCPEPTMPDB_PAMPA_006650,0.46808510638297873,0.44352457705127835
2021,CYCPEPTMPDB_PAMPA_005200,0.47368421052631576,0.47368421052631576
2021,CYCPEPTMPDB_PAMPA_005784,0.5357142857142857,0.4920616883116883
2021,CYCPEPTMPDB_PAMPA_006703,0.8367346938775511,0.7811286569134992
2021,CYCPEPTMPDB_PAMPA_005922,0.5238095238095238,0.4832068808384598
2021,CYCPEPTMPDB_PAMPA_006336,0.5921052631578947,0.5488203266787659
2021,CYCPEPTMPDB_PAMPA_005158,0.5,0.5
2021,CYCPEPTMPDB_PAMPA_006401,0.5294117647058824,0.5294117647058824
2021,CYCPEPTMPDB_PAMPA_005948,0.5357142857142857,0.4920616883116883
2021,CYCPEPTMPDB_PAMPA_007190,0.575,0.5407434660555708
2021,CYCPEPTMPDB_PAMPA_006358,0.5294117647058824,0.5294117647058824
2021,CYCPEPTMPDB_PAMPA_005319,0.5357142857142857,0.4920616883116883
2021,CYCPEPTMPDB_PAMPA_005241,0.4787234042553192,0.4787234042553192
2021,CYCPEPTMPDB_PAMPA_006184,0.4431818181818182,0.4380616509926855
2021,CYCPEPTMPDB_PAMPA_005469,0.47560975609756095,0.45889654871503993
2021,CYCPEPTMPDB_PAMPA_006748,0.7714285714285715,0.7714285714285715
2021,CYCPEPTMPDB_PAMPA_006238,0.5121951219512195,0.4814959955708381
2021,CYCPEPTMPDB_PAMPA_007187,0.5897435897435898,0.5501242372994538
2021,CYCPEPTMPDB_PAMPA_006834,0.8055555555555556,0.8055555555555556
2021,CYCPEPTMPDB_PAMPA_006370,0.5789473684210527,0.5472460220318238
2021,CYCPEPTMPDB_PAMPA_006361,0.5,0.49480519480519475
2021,CYCPEPTMPDB_PAMPA_006959,0.6666666666666666,0.6666666666666666
2021,CYCPEPTMPDB_PAMPA_006567,0.45454545454545453,0.4545454545454545
2021,CYCPEPTMPDB_PAMPA_005105,0.6197183098591549,0.6197183098591549
2021,CYCPEPTMPDB_PAMPA_005545,0.524390243902439,0.4932451080777797
2021,CYCPEPTMPDB_PAMPA_005804,0.47560975609756095,0.45889654871503993
2021,CYCPEPTMPDB_PAMPA_005351,0.5238095238095238,0.4832068808384598
2021,CYCPEPTMPDB_PAMPA_005978,0.5119047619047619,0.48189048065336726
2021,CYCPEPTMPDB_PAMPA_005485,0.4431818181818182,0.4380616509926855
2021,CYCPEPTMPDB_PAMPA_006619,0.5145631067961165,0.4923565754633715
2021,CYCPEPTMPDB_PAMPA_006004,0.524390243902439,0.4932451080777797
2021,CYCPEPTMPDB_PAMPA_006020,0.5121951219512195,0.4814959955708381
2021,CYCPEPTMPDB_PAMPA_007078,0.5952380952380952,0.5704775616540323
2021,CYCPEPTMPDB_PAMPA_006519,0.6103896103896104,0.6103896103896104
2021,CYCPEPTMPDB_PAMPA_005556,0.47368421052631576,0.47368421052631576
2021,CYCPEPTMPDB_PAMPA_006790,0.7285714285714285,0.7003809523809524
2021,CYCPEPTMPDB_PAMPA_007075,0.5443037974683544,0.5307729500551043
2021,CYCPEPTMPDB_PAMPA_006264,0.5294117647058824,0.5294117647058824
2021,CYCPEPTMPDB_PAMPA_006054,0.47560975609756095,0.45889654871503993
2021,CYCPEPTMPDB_PAMPA_005597,0.5119047619047619,0.48189048065336726
2021,CYCPEPTMPDB_PAMPA_005835,0.5238095238095238,0.4832068808384598
2021,CYCPEPTMPDB_PAMPA_005136,0.5076923076923077,0.44126448893572173
2021,CYCPEPTMPDB_PAMPA_005964,0.5121951219512195,0.4814959955708381
2021,CYCPEPTMPDB_PAMPA_005827,0.5119047619047619,0.48189048065336726
2021,CYCPEPTMPDB_PAMPA_005635,0.5119047619047619,0.48189048065336726
2021,CYCPEPTMPDB_PAMPA_006297,0.5921052631578947,0.5488203266787659
2021,CYCPEPTMPDB_PAMPA_006435,0.5972222222222222,0.5592846895478474
2021,CYCPEPTMPDB_PAMPA_005793,0.5357142857142857,0.4920616883116883
2021,CYCPEPTMPDB_PAMPA_006714,0.7049180327868853,0.7049180327868853
2021,CYCPEPTMPDB_PAMPA_006694,0.803921568627451,0.7524000857218738
2021,CYCPEPTMPDB_PAMPA_006467,0.525,0.5187931034482759
2021,CYCPEPTMPDB_PAMPA_006241,0.5121951219512195,0.4814959955708381
2021,CYCPEPTMPDB_PAMPA_006127,0.524390243902439,0.4932451080777797
2021,CYCPEPTMPDB_PAMPA_005468,0.4431818181818182,0.4380616509926855
2021,CYCPEPTMPDB_PAMPA_005763,0.524390243902439,0.4932451080777797
2021,CYCPEPTMPDB_PAMPA_006527,0.6285714285714286,0.5950813743218807
2021,CYCPEPTMPDB_PAMPA_006877,0.7777777777777778,0.7513002364066195
2021,CYCPEPTMPDB_PAMPA_005453,0.5121951219512195,0.4814959955708381
2021,CYCPEPTMPDB_PAMPA_006063,0.5238095238095238,0.4832068808384598
2021,CYCPEPTMPDB_PAMPA_005879,0.5357142857142857,0.4920616883116883
2021,CYCPEPTMPDB_PAMPA_005831,0.4431818181818182,0.4380616509926855
2021,CYCPEPTMPDB_PAMPA_006449,0.6081081081081081,0.5551813083208431
2021,CYCPEPTMPDB_PAMPA_006131,0.5121951219512195,0.4814959955708381
2021,CYCPEPTMPDB_PAMPA_006066,0.524390243902439,0.4932451080777797
2021,CYCPEPTMPDB_PAMPA_006869,0.7464788732394366,0.6974968532657131
2021,CYCPEPTMPDB_PAMPA_006826,0.7125,0.6688106028850399
2021,CYCPEPTMPDB_PAMPA_007254,0.5925925925925926,0.5566157679363195
2021,CYCPEPTMPDB_PAMPA_006938,0.5263157894736842,0.47455143395282356
2021,CYCPEPTMPDB_PAMPA_006595,0.42574257425742573,0.4151081194800911
2021,CYCPEPTMPDB_PAMPA_006868,0.7464788732394366,0.6926633994596564
2021,CYCPEPTMPDB_PAMPA_006424,0.5128205128205128,0.5072699849170437
2021,CYCPEPTMPDB_PAMPA_006663,0.4351851851851852,0.43518518518518523
2021,CYCPEPTMPDB_PAMPA_007065,0.5443037974683544,0.5307729500551043
2021,CYCPEPTMPDB_PAMPA_006521,0.696969696969697,0.6374529947664277
2021,CYCPEPTMPDB_PAMPA_007006,0.6233766233766234,0.571062271062271
2021,CYCPEPTMPDB_PAMPA_006348,0.5416666666666666,0.518903586886043
2021,CYCPEPTMPDB_PAMPA_007067,0.5443037974683544,0.5307729500551043
2021,CYCPEPTMPDB_PAMPA_007092,0.5952380952380952,0.5704775616540323
2021,CYCPEPTMPDB_PAMPA_006332,0.5833333333333334,0.5459058248531934
2021,CYCPEPTMPDB_PAMPA_005981,0.47368421052631576,0.47368421052631576
2021,CYCPEPTMPDB_PAMPA_005175,0.47368421052631576,0.47368421052631576
2021,CYCPEPTMPDB_PAMPA_006268,0.5294117647058824,0.5294117647058824
2021,CYCPEPTMPDB_PAMPA_005910,0.47368421052631576,0.47368421052631576
2021,CYCPEPTMPDB_PAMPA_006585,0.504950495049505,0.504950495049505
2021,CYCPEPTMPDB_PAMPA_005767,0.47560975609756095,0.45889654871503993
2021,CYCPEPTMPDB_PAMPA_006883,0.7777777777777778,0.7513002364066195
2021,CYCPEPTMPDB_PAMPA_005153,0.5,0.49550561797752807
2021,CYCPEPTMPDB_PAMPA_005229,0.5121951219512195,0.4814959955708381
2021,CYCPEPTMPDB_PAMPA_006236,0.4659090909090909,0.45151515151515154
2021,CYCPEPTMPDB_PAMPA_006029,0.4787234042553192,0.4787234042553192
2021,CYCPEPTMPDB_PAMPA_007055,0.5443037974683544,0.5307729500551043
2021,CYCPEPTMPDB_PAMPA_005919,0.5119047619047619,0.48189048065336726
2021,CYCPEPTMPDB_PAMPA_006528,0.6025641025641025,0.6025641025641025
2021,CYCPEPTMPDB_PAMPA_006680,1.0,1.0
2021,CYCPEPTMPDB_PAMPA_006310,0.5384615384615384,0.5137046861184793
2021,CYCPEPTMPDB_PAMPA_005600,0.4431818181818182,0.4380616509926855
2021,CYCPEPTMPDB_PAMPA_007251,0.676056338028169,0.6146011533431947
2021,CYCPEPTMPDB_PAMPA_005443,0.4787234042553192,0.4787234042553192
2021,CYCPEPTMPDB_PAMPA_005482,0.5238095238095238,0.4832068808384598
2021,CYCPEPTMPDB_PAMPA_006120,0.524390243902439,0.4932451080777797
2021,CYCPEPTMPDB_PAMPA_006480,0.6911764705882353,0.6358484321998843
2021,CYCPEPTMPDB_PAMPA_005990,0.5119047619047619,0.48189048065336726
2021,CYCPEPTMPDB_PAMPA_005924,0.524390243902439,0.4932451080777797
2021,CYCPEPTMPDB_PAMPA_007222,0.5955056179775281,0.5538209548478445
2021,CYCPEPTMPDB_PAMPA_005571,0.5357142857142857,0.4920616883116883
2021,CYCPEPTMPDB_PAMPA_006805,0.8428571428571429,0.8428571428571429
2021,CYCPEPTMPDB_PAMPA_006777,0.7258064516129032,0.6867281105990782
2021,CYCPEPTMPDB_PAMPA_006718,0.7878787878787878,0.7878787878787878
2021,CYCPEPTMPDB_PAMPA_005748,0.5357142857142857,0.4920616883116883
2021,CYCPEPTMPDB_PAMPA_005268,0.524390243902439,0.4932451080777797
2021,CYCPEPTMPDB_PAMPA_006570,0.4594594594594595,0.4594594594594595
2021,CYCPEPTMPDB_PAMPA_006245,0.5357142857142857,0.4920616883116883
2021,CYCPEPTMPDB_PAMPA_005134,0.6515151515151515,0.6515151515151515
2021,CYCPEPTMPDB_PAMPA_005809,0.5119047619047619,0.48189048065336726
2021,CYCPEPTMPDB_PAMPA_005186,0.4431818181818182,0.4380616509926855
2021,CYCPEPTMPDB_PAMPA_005262,0.4431818181818182,0.4380616509926855
2021,CYCPEPTMPDB_PAMPA_006301,0.5945945945945946,0.5450900493253434
2021,CYCPEPTMPDB_PAMPA_005971,0.47368421052631576,0.47368421052631576
2021,CYCPEPTMPDB_PAMPA_007293,0.38095238095238093,0.3586097193259315
2021,CYCPEPTMPDB_PAMPA_007046,0.45348837209302323,0.4344347850384683
2021,CYCPEPTMPDB_PAMPA_007221,0.5925925925925926,0.5788994708994709
2021,CYCPEPTMPDB_PAMPA_006189,0.5119047619047619,0.48189048065336726
2021,CYCPEPTMPDB_PAMPA_006251,0.46875,0.46875
2021,CYCPEPTMPDB_PAMPA_006420,0.5789473684210527,0.5472460220318238
2021,CYCPEPTMPDB_PAMPA_006677,0.5094339622641509,0.5059271964932343
2021,CYCPEPTMPDB_PAMPA_006446,0.6081081081081081,0.5551813083208431
2021,CYCPEPTMPDB_PAMPA_005606,0.5119047619047619,0.48189048065336726
2021,CYCPEPTMPDB_PAMPA_005595,0.5119047619047619,0.48189048065336726
2021,CYCPEPTMPDB_PAMPA_006670,0.45217391304347826,0.42386651550414045
2021,CYCPEPTMPDB_PAMPA_006967,0.6785714285714286,0.6785714285714286
2021,CYCPEPTMPDB_PAMPA_005434,0.4431818181818182,0.4380616509926855
2021,CYCPEPTMPDB_PAMPA_007010,0.6486486486486487,0.5898795637743006
2021,CYCPEPTMPDB_PAMPA_006284,0.5294117647058824,0.5294117647058824
2021,CYCPEPTMPDB_PAMPA_005124,0.5211267605633803,0.5146067030772465
2021,CYCPEPTMPDB_PAMPA_006313,0.6081081081081081,0.5551813083208431
2021,CYCPEPTMPDB_PAMPA_006633,0.4387755102040816,0.4235552225550666
2021,CYCPEPTMPDB_PAMPA_005890,0.4431818181818182,0.4380616509926855
2021,CYCPEPTMPDB_PAMPA_006041,0.5119047619047619,0.48189048065336726
2021,CYCPEPTMPDB_PAMPA_006808,0.6615384615384615,0.6512266112266112
2021,CYCPEPTMPDB_PAMPA_005265,0.5238095238095238,0.4832068808384598
2021,CYCPEPTMPDB_PAMPA_006750,0.6349206349206349,0.613441331751191
2021,CYCPEPTMPDB_PAMPA_006293,0.5294117647058824,0.5294117647058824
2021,CYCPEPTMPDB_PAMPA_006349,0.5416666666666666,0.518903586886043
2021,CYCPEPTMPDB_PAMPA_006797,0.7297297297297297,0.7297297297297297
2021,CYCPEPTMPDB_PAMPA_006008,0.5116279069767442,0.4875
2021,CYCPEPTMPDB_PAMPA_005587,0.5121951219512195,0.4814959955708381
2021,CYCPEPTMPDB_PAMPA_006049,0.5238095238095238,0.4832068808384598
2021,CYCPEPTMPDB_PAMPA_006193,0.5238095238095238,0.4832068808384598
2021,CYCPEPTMPDB_PAMPA_006128,0.5357142857142857,0.4920616883116883
2021,CYCPEPTMPDB_PAMPA_005683,0.5121951219512195,0.4814959955708381
2021,CYCPEPTMPDB_PAMPA_005846,0.45454545454545453,0.45301435406698565
2021,CYCPEPTMPDB_PAMPA_005753,0.5238095238095238,0.4832068808384598
2021,CYCPEPTMPDB_PAMPA_005330,0.46875,0.46875
2021,CYCPEPTMPDB_PAMPA_005828,0.5119047619047619,0.48189048065336726
2021,CYCPEPTMPDB_PAMPA_007290,0.38095238095238093,0.3586097193259315
2021,CYCPEPTMPDB_PAMPA_006994,0.5542168674698795,0.5257376536900519
2021,CYCPEPTMPDB_PAMPA_006252,0.4659090909090909,0.45151515151515154
2021,CYCPEPTMPDB_PAMPA_006804,0.8285714285714286,0.8285714285714286
2021,CYCPEPTMPDB_PAMPA_006753,0.8333333333333334,0.7808404558404558
2021,CYCPEPTMPDB_PAMPA_007000,0.5698924731182796,0.5329450018006895
2021,CYCPEPTMPDB_PAMPA_006030,0.5357142857142857,0.4920616883116883
2021,CYCPEPTMPDB_PAMPA_006305,0.5945945945945946,0.5450900493253434
2021,CYCPEPTMPDB_PAMPA_006161,0.47560975609756095,0.45889654871503993
2021,CYCPEPTMPDB_PAMPA_005204,0.5238095238095238,0.4832068808384598
2021,CYCPEPTMPDB_PAMPA_006895,0.6567164179104478,0.6101404741000878
2021,CYCPEPTMPDB_PAMPA_005664,0.5357142857142857,0.4920616883116883
2021,CYCPEPTMPDB_PAMPA_006263,0.5357142857142857,0.5357142857142857
2021,CYCPEPTMPDB_PAMPA_006270,0.6081081081081081,0.5551813083208431
2021,CYCPEPTMPDB_PAMPA_006603,0.4423076923076923,0.44230769230769235
2021,CYCPEPTMPDB_PAMPA_006588,0.48175182481751827,0.45788882650196516
2021,CYCPEPTMPDB_PAMPA_005986,0.47560975609756095,0.45889654871503993
2021,CYCPEPTMPDB_PAMPA_006043,0.5119047619047619,0.48189048065336726
2021,CYCPEPTMPDB_PAMPA_006144,0.5357142857142857,0.4920616883116883
2021,CYCPEPTMPDB_PAMPA_006665,0.49514563106796117,0.4951456310679612
2021,CYCPEPTMPDB_PAMPA_006688,0.9649122807017544,0.9189592625631876
2021,CYCPEPTMPDB_PAMPA_006776,0.8301886792452831,0.768132186150465
2021,CYCPEPTMPDB_PAMPA_005980,0.47368421052631576,0.47368421052631576
2021,CYCPEPTMPDB_PAMPA_007041,0.4125,0.4008637638956788
2021,CYCPEPTMPDB_PAMPA_007267,0.5853658536585366,0.5610529156679414
2021,CYCPEPTMPDB_PAMPA_006886,0.6101694915254238,0.6101694915254238
2021,CYCPEPTMPDB_PAMPA_005946,0.5121951219512195,0.4814959955708381
2021,CYCPEPTMPDB_PAMPA_006503,0.6911764705882353,0.6358484321998843
2021,CYCPEPTMPDB_PAMPA_005830,0.5119047619047619,0.48189048065336726
2021,CYCPEPTMPDB_PAMPA_005813,0.5119047619047619,0.48189048065336726
2021,CYCPEPTMPDB_PAMPA_005550,0.47368421052631576,0.47368421052631576
2021,CYCPEPTMPDB_PAMPA_005360,0.47560975609756095,0.45889654871503993
2021,CYCPEPTMPDB_PAMPA_005171,0.5119047619047619,0.48189048065336726
2021,CYCPEPTMPDB_PAMPA_007025,0.4125,0.4008637638956788
2021,CYCPEPTMPDB_PAMPA_005540,0.47368421052631576,0.47368421052631576
2021,CYCPEPTMPDB_PAMPA_005491,0.4431818181818182,0.4380616509926855
2021,CYCPEPTMPDB_PAMPA_005272,0.47560975609756095,0.45889654871503993
2021,CYCPEPTMPDB_PAMPA_006138,0.5116279069767442,0.4875
2021,CYCPEPTMPDB_PAMPA_007114,0.4268292682926829,0.4165607336660453
2021,CYCPEPTMPDB_PAMPA_006816,0.8615384615384616,0.8615384615384617
2021,CYCPEPTMPDB_PAMPA_007173,0.5897435897435898,0.5501242372994538
2021,CYCPEPTMPDB_PAMPA_006698,0.8461538461538461,0.808435199567772
2021,CYCPEPTMPDB_PAMPA_005691,0.4431818181818182,0.4380616509926855
2021,CYCPEPTMPDB_PAMPA_005157,0.5,0.49550561797752807
2021,CYCPEPTMPDB_PAMPA_006392,0.5,0.49480519480519475
2021,CYCPEPTMPDB_PAMPA_005968,0.47560975609756095,0.45889654871503993
2021,CYCPEPTMPDB_PAMPA_007097,0.5443037974683544,0.5307729500551043
2021,CYCPEPTMPDB_PAMPA_005312,0.4659090909090909,0.45151515151515154
2021,CYCPEPTMPDB_PAMPA_005374,0.4772727272727273,0.4590909090909091
2021,CYCPEPTMPDB_PAMPA_006644,0.51,0.51
2021,CYCPEPTMPDB_PAMPA_006488,0.6764705882352942,0.6339366515837105
2021,CYCPEPTMPDB_PAMPA_005132,0.5606060606060606,0.5606060606060606
2021,CYCPEPTMPDB_PAMPA_006858,0.5949367088607594,0.5685353596275456
2021,CYCPEPTMPDB_PAMPA_005758,0.524390243902439,0.4932451080777797
2021,CYCPEPTMPDB_PAMPA_007175,0.5897435897435898,0.5501242372994538
2021,CYCPEPTMPDB_PAMPA_007172,0.575,0.5407434660555708
2021,CYCPEPTMPDB_PAMPA_006073,0.5116279069767442,0.4875
2021,CYCPEPTMPDB_PAMPA_006667,0.5151515151515151,0.5151515151515151
2021,CYCPEPTMPDB_PAMPA_006927,0.631578947368421,0.631578947368421
2021,CYCPEPTMPDB_PAMPA_005834,0.5119047619047619,0.48189048065336726
2021,CYCPEPTMPDB_PAMPA_005287,0.4772727272727273,0.4590909090909091
2021,CYCPEPTMPDB_PAMPA_006015,0.5357142857142857,0.4920616883116883
2021,CYCPEPTMPDB_PAMPA_005552,0.4431818181818182,0.4380616509926855
2021,CYCPEPTMPDB_PAMPA_006513,0.6764705882352942,0.6339366515837105
2021,CYCPEPTMPDB_PAMPA_005771,0.47368421052631576,0.47368421052631576
2021,CYCPEPTMPDB_PAMPA_005856,0.5121951219512195,0.4814959955708381
2021,CYCPEPTMPDB_PAMPA_007176,0.575,0.5407434660555708
2021,CYCPEPTMPDB_PAMPA_006960,0.6753246753246753,0.6554041639670828
2021,CYCPEPTMPDB_PAMPA_005824,0.47368421052631576,0.47368421052631576
2021,CYCPEPTMPDB_PAMPA_007011,0.6666666666666666,0.6061335307910651
2021,CYCPEPTMPDB_PAMPA_006495,0.6285714285714286,0.5950813743218807
2021,CYCPEPTMPDB_PAMPA_005508,0.5357142857142857,0.4920616883116883
2021,CYCPEPTMPDB_PAMPA_006194,0.4772727272727273,0.4590909090909091
2021,CYCPEPTMPDB_PAMPA_006612,0.4845360824742268,0.48453608247422675
2021,CYCPEPTMPDB_PAMPA_006620,0.5,0.48930135160860466
2021,CYCPEPTMPDB_PAMPA_005921,0.5238095238095238,0.4832068808384598
2021,CYCPEPTMPDB_PAMPA_006836,0.75,0.75
2021,CYCPEPTMPDB_PAMPA_005712,0.47368421052631576,0.47368421052631576
2021,CYCPEPTMPDB_PAMPA_005210,0.524390243902439,0.4932451080777797
2021,CYCPEPTMPDB_PAMPA_005513,0.5121951219512195,0.4814959955708381
2021,CYCPEPTMPDB_PAMPA_007232,0.5568181818181818,0.532385416021934
2021,CYCPEPTMPDB_PAMPA_006065,0.4772727272727273,0.4590909090909091
2021,CYCPEPTMPDB_PAMPA_005700,0.524390243902439,0.4932451080777797
2021,CYCPEPTMPDB_PAMPA_007236,0.5157894736842106,0.5072816060770483
2021,CYCPEPTMPDB_PAMPA_005185,0.47368421052631576,0.47368421052631576
2021,CYCPEPTMPDB_PAMPA_005944,0.5121951219512195,0.4814959955708381
2021,CYCPEPTMPDB_PAMPA_006935,0.5494505494505495,0.494385217579953
2021,CYCPEPTMPDB_PAMPA_007235,0.5568181818181818,0.532385416021934
2021,CYCPEPTMPDB_PAMPA_005849,0.4787234042553192,0.4787234042553192
2021,CYCPEPTMPDB_PAMPA_005594,0.47368421052631576,0.47368421052631576
2021,CYCPEPTMPDB_PAMPA_006372,0.5789473684210527,0.5472460220318238
2021,CYCPEPTMPDB_PAMPA_006421,0.5789473684210527,0.5472460220318238
2021,CYCPEPTMPDB_PAMPA_005107,0.5416666666666666,0.5416666666666666
2021,CYCPEPTMPDB_PAMPA_005492,0.47560975609756095,0.45889654871503993
2021,CYCPEPTMPDB_PAMPA_005380,0.5238095238095238,0.4832068808384598
2021,CYCPEPTMPDB_PAMPA_007228,0.5930232558139535,0.5614961086598486
2021,CYCPEPTMPDB_PAMPA_006162,0.5119047619047619,0.48189048065336726
2021,CYCPEPTMPDB_PAMPA_006287,0.5357142857142857,0.5357142857142857
2021,CYCPEPTMPDB_PAMPA_006536,0.6142857142857143,0.5861538461538462
2021,CYCPEPTMPDB_PAMPA_006696,0.8461538461538461,0.808435199567772
2021,CYCPEPTMPDB_PAMPA_007124,0.4268292682926829,0.4165607336660453
2021,CYCPEPTMPDB_PAMPA_006546,0.6285714285714286,0.5950813743218807
2021,CYCPEPTMPDB_PAMPA_005786,0.5121951219512195,0.4814959955708381
2021,CYCPEPTMPDB_PAMPA_006992,0.5555555555555556,0.5376582148579061
2021,CYCPEPTMPDB_PAMPA_006664,0.49514563106796117,0.4951456310679612
2021,CYCPEPTMPDB_PAMPA_007214,0.6071428571428571,0.5764923125307579
2021,CYCPEPTMPDB_PAMPA_005785,0.5357142857142857,0.4920616883116883
2021,CYCPEPTMPDB_PAMPA_005947,0.5121951219512195,0.4814959955708381
2021,CYCPEPTMPDB_PAMPA_006594,0.42574257425742573,0.40962270538980505
2021,CYCPEPTMPDB_PAMPA_005255,0.5121951219512195,0.4814959955708381
2021,CYCPEPTMPDB_PAMPA_005991,0.5119047619047619,0.48189048065336726
2021,CYCPEPTMPDB_PAMPA_006931,0.46153846153846156,0.4158222308664786
2021,CYCPEPTMPDB_PAMPA_005353,0.524390243902439,0.4932451080777797
2021,CYCPEPTMPDB_PAMPA_005431,0.5238095238095238,0.4832068808384598
2021,CYCPEPTMPDB_PAMPA_007216,0.5625,0.5410789210789211
2021,CYCPEPTMPDB_PAMPA_006135,0.5357142857142857,0.4920616883116883
2021,CYCPEPTMPDB_PAMPA_005611,0.524390243902439,0.4932451080777797
2021,CYCPEPTMPDB_PAMPA_006444,0.5128205128205128,0.5072699849170437
2021,CYCPEPTMPDB_PAMPA_006111,0.4431818181818182,0.4380616509926855
2021,CYCPEPTMPDB_PAMPA_005864,0.5357142857142857,0.4920616883116883
2021,CYCPEPTMPDB_PAMPA_007133,0.4375,0.4156773690903129
2021,CYCPEPTMPDB_PAMPA_007126,0.4268292682926829,0.4165607336660453
2021,CYCPEPTMPDB_PAMPA_005857,0.5121951219512195,0.4814959955708381
2021,CYCPEPTMPDB_PAMPA_006342,0.5833333333333334,0.5459058248531934
2021,CYCPEPTMPDB_PAMPA_006299,0.5945945945945946,0.5450900493253434
2021,CYCPEPTMPDB_PAMPA_006802,0.7916666666666666,0.7916666666666666
2021,CYCPEPTMPDB_PAMPA_006219,0.5238095238095238,0.4832068808384598
2021,CYCPEPTMPDB_PAMPA_005617,0.4431818181818182,0.4380616509926855
2021,CYCPEPTMPDB_PAMPA_005118,0.6428571428571429,0.5789805849752019
2021,CYCPEPTMPDB_PAMPA_005452,0.4659090909090909,0.45151515151515154
2021,CYCPEPTMPDB_PAMPA_006373,0.5789473684210527,0.5472460220318238
2021,CYCPEPTMPDB_PAMPA_006408,0.581081081081081,0.5446979975927344
2021,CYCPEPTMPDB_PAMPA_006731,0.7735849056603774,0.701082895919043
2021,CYCPEPTMPDB_PAMPA_007053,0.5443037974683544,0.5307729500551043
2021,CYCPEPTMPDB_PAMPA_005436,0.47560975609756095,0.45889654871503993
2021,CYCPEPTMPDB_PAMPA_005527,0.5121951219512195,0.4814959955708381
2021,CYCPEPTMPDB_PAMPA_005569,0.5357142857142857,0.4920616883116883
2021,CYCPEPTMPDB_PAMPA_005313,0.5121951219512195,0.4814959955708381
2021,CYCPEPTMPDB_PAMPA_006007,0.4787234042553192,0.4787234042553192
2021,CYCPEPTMPDB_PAMPA_006323,0.5256410256410257,0.5051282051282051
2021,CYCPEPTMPDB_PAMPA_007136,0.4268292682926829,0.4165607336660453
2021,CYCPEPTMPDB_PAMPA_006107,0.5119047619047619,0.48189048065336726
2021,CYCPEPTMPDB_PAMPA_006053,0.524390243902439,0.4932451080777797
2021,CYCPEPTMPDB_PAMPA_005189,0.47560975609756095,0.45889654871503993
2021,CYCPEPTMPDB_PAMPA_006104,0.47560975609756095,0.45889654871503993
2021,CYCPEPTMPDB_PAMPA_006166,0.524390243902439,0.4932451080777797
2021,CYCPEPTMPDB_PAMPA_006188,0.5119047619047619,0.48189048065336726
2021,CYCPEPTMPDB_PAMPA_006942,0.8867924528301887,0.8867924528301888
2021,CYCPEPTMPDB_PAMPA_006404,0.5294117647058824,0.5294117647058824
2021,CYCPEPTMPDB_PAMPA_005792,0.5121951219512195,0.4814959955708381
2021,CYCPEPTMPDB_PAMPA_006205,0.47560975609756095,0.45889654871503993
2021,CYCPEPTMPDB_PAMPA_006092,0.5119047619047619,0.48189048065336726
2021,CYCPEPTMPDB_PAMPA_006554,0.6875,0.6413731856378915
2021,CYCPEPTMPDB_PAMPA_006775,0.5882352941176471,0.5732026143790849
2021,CYCPEPTMPDB_PAMPA_005249,0.5121951219512195,0.4814959955708381
2021,CYCPEPTMPDB_PAMPA_006195,0.524390243902439,0.4932451080777797
2021,CYCPEPTMPDB_PAMPA_007095,0.5443037974683544,0.5307729500551043
2021,CYCPEPTMPDB_PAMPA_007297,0.4393939393939394,0.41246740439109847
2021,CYCPEPTMPDB_PAMPA_005885,0.47560975609756095,0.45889654871503993
2021,CYCPEPTMPDB_PAMPA_005676,0.5116279069767442,0.4875
2021,CYCPEPTMPDB_PAMPA_006566,0.46099290780141844,0.4412894906511927
2021,CYCPEPTMPDB_PAMPA_005799,0.5121951219512195,0.4814959955708381
2021,CYCPEPTMPDB_PAMPA_006308,0.5384615384615384,0.5137046861184793
2021,CYCPEPTMPDB_PAMPA_006391,0.5,0.49480519480519475
2021,CYCPEPTMPDB_PAMPA_007034,0.45348837209302323,0.4344347850384683
2021,CYCPEPTMPDB_PAMPA_006356,0.581081081081081,0.5446979975927344
2021,CYCPEPTMPDB_PAMPA_005583,0.5357142857142857,0.4920616883116883
2021,CYCPEPTMPDB_PAMPA_006720,0.6896551724137931,0.6564593137674339
2021,CYCPEPTMPDB_PAMPA_005655,0.4787234042553192,0.4787234042553192
2021,CYCPEPTMPDB_PAMPA_006237,0.5121951219512195,0.4814959955708381
2021,CYCPEPTMPDB_PAMPA_007103,0.5443037974683544,0.5307729500551043
2021,CYCPEPTMPDB_PAMPA_006215,0.4772727272727273,0.4590909090909091
2021,CYCPEPTMPDB_PAMPA_005897,0.47368421052631576,0.47368421052631576
2021,CYCPEPTMPDB_PAMPA_005608,0.5238095238095238,0.4832068808384598
2021,CYCPEPTMPDB_PAMPA_005729,0.5357142857142857,0.4920616883116883
2021,CYCPEPTMPDB_PAMPA_006815,0.782608695652174,0.782608695652174
2021,CYCPEPTMPDB_PAMPA_006760,0.7391304347826086,0.7286480047647409
2021,CYCPEPTMPDB_PAMPA_006108,0.5119047619047619,0.48189048065336726
2021,CYCPEPTMPDB_PAMPA_006898,0.6521739130434783,0.6521739130434783
2021,CYCPEPTMPDB_PAMPA_006246,0.5357142857142857,0.4920616883116883
2021,CYCPEPTMPDB_PAMPA_005886,0.4431818181818182,0.4380616509926855
2021,CYCPEPTMPDB_PAMPA_005212,0.524390243902439,0.4932451080777797
2021,CYCPEPTMPDB_PAMPA_006593,0.47560975609756095,0.45889654871503993
2021,CYCPEPTMPDB_PAMPA_005836,0.524390243902439,0.4932451080777797
2021,CYCPEPTMPDB_PAMPA_007063,0.5443037974683544,0.5307729500551043
2021,CYCPEPTMPDB_PAMPA_006177,0.46875,0.46875
2021,CYCPEPTMPDB_PAMPA_006723,0.7910447761194029,0.7910447761194029
2021,CYCPEPTMPDB_PAMPA_005926,0.524390243902439,0.4932451080777797
2021,CYCPEPTMPDB_PAMPA_005215,0.5116279069767442,0.4875
2021,CYCPEPTMPDB_PAMPA_005752,0.5119047619047619,0.48189048065336726
2021,CYCPEPTMPDB_PAMPA_007023,0.4125,0.4008637638956788
2021,CYCPEPTMPDB_PAMPA_006970,0.7746478873239436,0.7523744090559618
2021,CYCPEPTMPDB_PAMPA_007231,0.5376344086021505,0.5126351068286552
2021,CYCPEPTMPDB_PAMPA_005731,0.5121951219512195,0.4814959955708381
2021,CYCPEPTMPDB_PAMPA_005465,0.46875,0.46875
2021,CYCPEPTMPDB_PAMPA_005364,0.47560975609756095,0.45889654871503993
2021,CYCPEPTMPDB_PAMPA_005751,0.47368421052631576,0.47368421052631576
2021,CYCPEPTMPDB_PAMPA_006031,0.5357142857142857,0.4920616883116883
2021,CYCPEPTMPDB_PAMPA_005918,0.5119047619047619,0.48189048065336726
2021,CYCPEPTMPDB_PAMPA_005962,0.5357142857142857,0.4920616883116883
2021,CYCPEPTMPDB_PAMPA_005142,0.44047619047619047,0.43262914468112823
2021,CYCPEPTMPDB_PAMPA_006469,0.6081081081081081,0.5551813083208431
2021,CYCPEPTMPDB_PAMPA_007161,0.5897435897435898,0.5501242372994538
2021,CYCPEPTMPDB_PAMPA_006087,0.5357142857142857,0.4920616883116883
2021,CYCPEPTMPDB_PAMPA_005972,0.5119047619047619,0.48189048065336726
2021,CYCPEPTMPDB_PAMPA_005869,0.5357142857142857,0.4920616883116883
2021,CYCPEPTMPDB_PAMPA_006315,0.5384615384615384,0.5137046861184793
2021,CYCPEPTMPDB_PAMPA_006222,0.5238095238095238,0.4832068808384598
2021,CYCPEPTMPDB_PAMPA_005100,0.5138888888888888,0.5138888888888888
2021,CYCPEPTMPDB_PAMPA_007163,0.5897435897435898,0.5501242372994538
2021,CYCPEPTMPDB_PAMPA_006099,0.5238095238095238,0.4832068808384598
2021,CYCPEPTMPDB_PAMPA_007037,0.4125,0.4008637638956788
2021,CYCPEPTMPDB_PAMPA_007137,0.4375,0.4156773690903129
2021,CYCPEPTMPDB_PAMPA_005359,0.4431818181818182,0.4380616509926855
2021,CYCPEPTMPDB_PAMPA_006925,0.6101694915254238,0.6101694915254238
2021,CYCPEPTMPDB_PAMPA_005708,0.47560975609756095,0.45889654871503993
2021,CYCPEPTMPDB_PAMPA_005539,0.524390243902439,0.4932451080777797
2021,CYCPEPTMPDB_PAMPA_006098,0.524390243902439,0.4932451080777797
2021,CYCPEPTMPDB_PAMPA_006173,0.45454545454545453,0.45301435406698565
2021,CYCPEPTMPDB_PAMPA_005933,0.5116279069767442,0.4875
2021,CYCPEPTMPDB_PAMPA_005777,0.4772727272727273,0.4590909090909091
2021,CYCPEPTMPDB_PAMPA_007207,0.5897435897435898,0.5501242372994538
2021,CYCPEPTMPDB_PAMPA_005400,0.5357142857142857,0.4920616883116883
2021,CYCPEPTMPDB_PAMPA_006461,0.5384615384615384,0.5137046861184793
2021,CYCPEPTMPDB_PAMPA_006912,0.6349206349206349,0.6093006549434088
2021,CYCPEPTMPDB_PAMPA_005409,0.5357142857142857,0.4920616883116883
2021,CYCPEPTMPDB_PAMPA_005245,0.45454545454545453,0.45301435406698565
2021,CYCPEPTMPDB_PAMPA_006244,0.5357142857142857,0.4920616883116883
2021,CYCPEPTMPDB_PAMPA_006309,0.6081081081081081,0.5551813083208431
2021,CYCPEPTMPDB_PAMPA_005670,0.4659090909090909,0.45151515151515154
2021,CYCPEPTMPDB_PAMPA_006817,0.7375,0.7369736842105263
2021,CYCPEPTMPDB_PAMPA_006784,0.7236842105263158,0.7236842105263158
2021,CYCPEPTMPDB_PAMPA_005146,0.44047619047619047,0.4310244299456964
2021,CYCPEPTMPDB_PAMPA_006907,0.6666666666666666,0.6325037375506013
2021,CYCPEPTMPDB_PAMPA_005822,0.524390243902439,0.4932451080777797
2021,CYCPEPTMPDB_PAMPA_005929,0.5238095238095238,0.4832068808384598
2021,CYCPEPTMPDB_PAMPA_006473,0.5384615384615384,0.5137046861184793
2021,CYCPEPTMPDB_PAMPA_006211,0.5238095238095238,0.4832068808384598
2021,CYCPEPTMPDB_PAMPA_006262,0.5789473684210527,0.5472460220318238
2021,CYCPEPTMPDB_PAMPA_005566,0.5357142857142857,0.4920616883116883
2021,CYCPEPTMPDB_PAMPA_006067,0.5238095238095238,0.4832068808384598
2021,CYCPEPTMPDB_PAMPA_005749,0.5357142857142857,0.4920616883116883
2021,CYCPEPTMPDB_PAMPA_005495,0.5119047619047619,0.48189048065336726
2021,CYCPEPTMPDB_PAMPA_005607,0.47368421052631576,0.47368421052631576
2021,CYCPEPTMPDB_PAMPA_005416,0.5357142857142857,0.4920616883116883
2021,CYCPEPTMPDB_PAMPA_005115,0.5277777777777778,0.5277777777777778
2021,CYCPEPTMPDB_PAMPA_005780,0.5238095238095238,0.4832068808384598
2021,CYCPEPTMPDB_PAMPA_005131,0.5571428571428572,0.5571428571428572
2021,CYCPEPTMPDB_PAMPA_005998,0.4772727272727273,0.4590909090909091
2021,CYCPEPTMPDB_PAMPA_007158,0.575,0.5407434660555708
2021,CYCPEPTMPDB_PAMPA_005923,0.4772727272727273,0.4590909090909091
2021,CYCPEPTMPDB_PAMPA_005620,0.47368421052631576,0.47368421052631576
2021,CYCPEPTMPDB_PAMPA_005503,0.5238095238095238,0.4832068808384598
2021,CYCPEPTMPDB_PAMPA_006016,0.5121951219512195,0.4814959955708381
2021,CYCPEPTMPDB_PAMPA_005633,0.47368421052631576,0.47368421052631576
2021,CYCPEPTMPDB_PAMPA_005854,0.5357142857142857,0.4920616883116883
2021,CYCPEPTMPDB_PAMPA_006801,0.72,0.72
2021,CYCPEPTMPDB_PAMPA_007230,0.5483870967741935,0.5303356142065819
2021,CYCPEPTMPDB_PAMPA_006158,0.4431818181818182,0.4380616509926855
2021,CYCPEPTMPDB_PAMPA_006295,0.5921052631578947,0.5488203266787659
2021,CYCPEPTMPDB_PAMPA_005341,0.5119047619047619,0.48189048065336726
2021,CYCPEPTMPDB_PAMPA_006512,0.618421052631579,0.618421052631579
2021,CYCPEPTMPDB_PAMPA_006223,0.524390243902439,0.4932451080777797
2021,CYCPEPTMPDB_PAMPA_005880,0.5121951219512195,0.4814959955708381
2021,CYCPEPTMPDB_PAMPA_007121,0.4375,0.4156773690903129
2021,CYCPEPTMPDB_PAMPA_005585,0.5357142857142857,0.4920616883116883
2021,CYCPEPTMPDB_PAMPA_005250,0.4659090909090909,0.45151515151515154
2021,CYCPEPTMPDB_PAMPA_006758,0.7297297297297297,0.70996840996841
2021,CYCPEPTMPDB_PAMPA_006057,0.47368421052631576,0.47368421052631576
2021,CYCPEPTMPDB_PAMPA_006782,0.6744186046511628,0.6168432887885347
2021,CYCPEPTMPDB_PAMPA_005949,0.5357142857142857,0.4920616883116883
2021,CYCPEPTMPDB_PAMPA_006407,0.581081081081081,0.5446979975927344
2021,CYCPEPTMPDB_PAMPA_005721,0.4787234042553192,0.4787234042553192
2021,CYCPEPTMPDB_PAMPA_005781,0.5238095238095238,0.4832068808384598
2021,CYCPEPTMPDB_PAMPA_006917,0.6527777777777778,0.6296004918399285
2021,CYCPEPTMPDB_PAMPA_005665,0.46875,0.46875
2021,CYCPEPTMPDB_PAMPA_005661,0.5357142857142857,0.4920616883116883
2021,CYCPEPTMPDB_PAMPA_006854,0.5922330097087378,0.5600216935168392
2021,CYCPEPTMPDB_PAMPA_005113,0.6056338028169014,0.6056338028169014
2021,CYCPEPTMPDB_PAMPA_005223,0.5357142857142857,0.4920616883116883
2021,CYCPEPTMPDB_PAMPA_006442,0.5789473684210527,0.5472460220318238
2021,CYCPEPTMPDB_PAMPA_006375,0.5789473684210527,0.5472460220318238
2021,CYCPEPTMPDB_PAMPA_007260,0.5581395348837209,0.533178884238685
2021,CYCPEPTMPDB_PAMPA_006023,0.5116279069767442,0.4875
2021,CYCPEPTMPDB_PAMPA_006076,0.5357142857142857,0.4920616883116883
2021,CYCPEPTMPDB_PAMPA_005348,0.5238095238095238,0.4832068808384598
2021,CYCPEPTMPDB_PAMPA_005286,0.4772727272727273,0.4590909090909091
2021,CYCPEPTMPDB_PAMPA_006235,0.5357142857142857,0.4920616883116883
2021,CYCPEPTMPDB_PAMPA_006088,0.4431818181818182,0.4380616509926855
2021,CYCPEPTMPDB_PAMPA_005795,0.5357142857142857,0.4920616883116883
2021,CYCPEPTMPDB_PAMPA_007024,0.45348837209302323,0.4344347850384683
2021,CYCPEPTMPDB_PAMPA_005702,0.47560975609756095,0.45889654871503993
2021,CYCPEPTMPDB_PAMPA_005276,0.5119047619047619,0.48189048065336726
2021,CYCPEPTMPDB_PAMPA_005397,0.46875,0.46875
2021,CYCPEPTMPDB_PAMPA_005592,0.47560975609756095,0.45889654871503993
2021,CYCPEPTMPDB_PAMPA_007070,0.5952380952380952,0.5704775616540323
2021,CYCPEPTMPDB_PAMPA_007086,0.5952380952380952,0.5704775616540323
2021,CYCPEPTMPDB_PAMPA_007029,0.4125,0.4008637638956788
2021,CYCPEPTMPDB_PAMPA_007151,0.5897435897435898,0.5501242372994538
2021,CYCPEPTMPDB_PAMPA_007249,0.5212765957446809,0.5010096835452972
2021,CYCPEPTMPDB_PAMPA_005613,0.5238095238095238,0.4832068808384598
2021,CYCPEPTMPDB_PAMPA_006492,0.7121212121212122,0.6473126220185044
2021,CYCPEPTMPDB_PAMPA_006165,0.4772727272727273,0.4590909090909091
2021,CYCPEPTMPDB_PAMPA_005572,0.46875,0.46875
2021,CYCPEPTMPDB_PAMPA_005253,0.5357142857142857,0.4920616883116883
2021,CYCPEPTMPDB_PAMPA_006339,0.5256410256410257,0.5051282051282051
2021,CYCPEPTMPDB_PAMPA_006291,0.5789473684210527,0.5472460220318238
2021,CYCPEPTMPDB_PAMPA_005112,0.6056338028169014,0.6056338028169014
2021,CYCPEPTMPDB_PAMPA_006631,0.52,0.52
2021,CYCPEPTMPDB_PAMPA_006168,0.47368421052631576,0.47368421052631576
2021,CYCPEPTMPDB_PAMPA_007262,0.631578947368421,0.6043004120272724
2021,CYCPEPTMPDB_PAMPA_005642,0.524390243902439,0.4932451080777797
2021,CYCPEPTMPDB_PAMPA_006635,0.47101449275362317,0.46701843253130715
2021,CYCPEPTMPDB_PAMPA_005754,0.47368421052631576,0.47368421052631576
2021,CYCPEPTMPDB_PAMPA_006985,0.6172839506172839,0.5890509826573427
2021,CYCPEPTMPDB_PAMPA_006115,0.47368421052631576,0.47368421052631576
2021,CYCPEPTMPDB_PAMPA_007030,0.45348837209302323,0.4344347850384683
2021,CYCPEPTMPDB_PAMPA_006600,0.4563106796116505,0.45631067961165056
2021,CYCPEPTMPDB_PAMPA_006055,0.47368421052631576,0.47368421052631576
2021,CYCPEPTMPDB_PAMPA_007218,0.6024096385542169,0.5786295401776891
2021,CYCPEPTMPDB_PAMPA_005379,0.524390243902439,0.4932451080777797
2021,CYCPEPTMPDB_PAMPA_006728,0.6296296296296297,0.6038429943926569
2021,CYCPEPTMPDB_PAMPA_005893,0.47368421052631576,0.47368421052631576
2021,CYCPEPTMPDB_PAMPA_006986,0.5632183908045977,0.5439226769399184
2021,CYCPEPTMPDB_PAMPA_005321,0.5116279069767442,0.4875
2021,CYCPEPTMPDB_PAMPA_005122,0.5068493150684932,0.5068493150684932
2021,CYCPEPTMPDB_PAMPA_007153,0.5897435897435898,0.5501242372994538
2021,CYCPEPTMPDB_PAMPA_006902,0.6527777777777778,0.6296004918399285
2021,CYCPEPTMPDB_PAMPA_005533,0.5119047619047619,0.48189048065336726
2021,CYCPEPTMPDB_PAMPA_007250,0.6575342465753424,0.5978960878686908
2021,CYCPEPTMPDB_PAMPA_006484,0.618421052631579,0.618421052631579
2021,CYCPEPTMPDB_PAMPA_005325,0.45454545454545453,0.45301435406698565
2021,CYCPEPTMPDB_PAMPA_005133,0.5606060606060606,0.5606060606060606
2021,CYCPEPTMPDB_PAMPA_006789,0.9206349206349206,0.9206349206349206
2021,CYCPEPTMPDB_PAMPA_005845,0.5116279069767442,0.4875
2021,CYCPEPTMPDB_PAMPA_006141,0.45454545454545453,0.45301435406698565
2021,CYCPEPTMPDB_PAMPA_006494,0.696969696969697,0.6374529947664277
2021,CYCPEPTMPDB_PAMPA_005565,0.5357142857142857,0.4920616883116883
2021,CYCPEPTMPDB_PAMPA_007066,0.5952380952380952,0.5704775616540323
2021,CYCPEPTMPDB_PAMPA_007259,0.631578947368421,0.6043004120272724
2021,CYCPEPTMPDB_PAMPA_005783,0.4772727272727273,0.4590909090909091
2021,CYCPEPTMPDB_PAMPA_006152,0.47368421052631576,0.47368421052631576
2021,CYCPEPTMPDB_PAMPA_005735,0.5121951219512195,0.4814959955708381
2021,CYCPEPTMPDB_PAMPA_007089,0.5443037974683544,0.5307729500551043
2021,CYCPEPTMPDB_PAMPA_006314,0.5384615384615384,0.5137046861184793
2021,CYCPEPTMPDB_PAMPA_006254,0.5121951219512195,0.4814959955708381
2021,CYCPEPTMPDB_PAMPA_006511,0.618421052631579,0.618421052631579
2021,CYCPEPTMPDB_PAMPA_006623,0.4748201438848921,0.4471068257795885
2021,CYCPEPTMPDB_PAMPA_007022,0.45348837209302323,0.4344347850384683
2021,CYCPEPTMPDB_PAMPA_006396,0.5,0.49480519480519475
2021,CYCPEPTMPDB_PAMPA_007185,0.5897435897435898,0.5501242372994538
2021,CYCPEPTMPDB_PAMPA_005896,0.5238095238095238,0.4832068808384598
2021,CYCPEPTMPDB_PAMPA_006699,0.803921568627451,0.7524000857218738
2021,CYCPEPTMPDB_PAMPA_005256,0.4431818181818182,0.4380616509926855
2021,CYCPEPTMPDB_PAMPA_006800,0.7166666666666667,0.6828571428571427
2021,CYCPEPTMPDB_PAMPA_006052,0.524390243902439,0.4932451080777797
2021,CYCPEPTMPDB_PAMPA_006839,0.7702702702702703,0.7702702702702703
2021,CYCPEPTMPDB_PAMPA_006282,0.5921052631578947,0.5488203266787659
2021,CYCPEPTMPDB_PAMPA_005917,0.47560975609756095,0.45889654871503993
2021,CYCPEPTMPDB_PAMPA_006825,0.5882352941176471,0.569889390669943
2021,CYCPEPTMPDB_PAMPA_007052,0.5952380952380952,0.5704775616540323
2021,CYCPEPTMPDB_PAMPA_005973,0.5119047619047619,0.48189048065336726
2021,CYCPEPTMPDB_PAMPA_006009,0.45454545454545453,0.45301435406698565
2021,CYCPEPTMPDB_PAMPA_006987,0.5903614457831325,0.5619068870633976
2021,CYCPEPTMPDB_PAMPA_005248,0.5121951219512195,0.4814959955708381
2021,CYCPEPTMPDB_PAMPA_005194,0.4431818181818182,0.4380616509926855
2021,CYCPEPTMPDB_PAMPA_007156,0.575,0.5407434660555708
2021,CYCPEPTMPDB_PAMPA_005605,0.5119047619047619,0.48189048065336726
2021,CYCPEPTMPDB_PAMPA_006231,0.46875,0.46875
2021,CYCPEPTMPDB_PAMPA_006346,0.5,0.49480519480519475
2021,CYCPEPTMPDB_PAMPA_007032,0.45348837209302323,0.4344347850384683
2021,CYCPEPTMPDB_PAMPA_006978,0.5185185185185185,0.49296721796721804
2021,CYCPEPTMPDB_PAMPA_005199,0.5119047619047619,0.48189048065336726
2021,CYCPEPTMPDB_PAMPA_006541,0.6875,0.6413731856378915
2021,CYCPEPTMPDB_PAMPA_006539,0.6875,0.6413731856378915
2021,CYCPEPTMPDB_PAMPA_007117,0.4375,0.4156773690903129
2021,CYCPEPTMPDB_PAMPA_005682,0.5357142857142857,0.4920616883116883
2021,CYCPEPTMPDB_PAMPA_005723,0.5357142857142857,0.4920616883116883
2021,CYCPEPTMPDB_PAMPA_006792,0.8363636363636363,0.7703496503496503
2021,CYCPEPTMPDB_PAMPA_006239,0.5357142857142857,0.4920616883116883
2021,CYCPEPTMPDB_PAMPA_005149,0.5,0.49550561797752807
2021,CYCPEPTMPDB_PAMPA_005247,0.5357142857142857,0.4920616883116883
2021,CYCPEPTMPDB_PAMPA_005499,0.47368421052631576,0.47368421052631576
2021,CYCPEPTMPDB_PAMPA_006250,0.5357142857142857,0.4920616883116883
2021,CYCPEPTMPDB_PAMPA_005303,0.5357142857142857,0.4920616883116883
2021,CYCPEPTMPDB_PAMPA_007223,0.6309523809523809,0.5802900930487137
2021,CYCPEPTMPDB_PAMPA_006778,0.640625,0.6340073529411765
2021,CYCPEPTMPDB_PAMPA_006218,0.5238095238095238,0.4832068808384598
2021,CYCPEPTMPDB_PAMPA_007131,0.4375,0.4156773690903129
2021,CYCPEPTMPDB_PAMPA_005104,0.6197183098591549,0.6197183098591549
2021,CYCPEPTMPDB_PAMPA_006110,0.47560975609756095,0.45889654871503993
2021,CYCPEPTMPDB_PAMPA_007169,0.5897435897435898,0.5501242372994538
2021,CYCPEPTMPDB_PAMPA_006156,0.524390243902439,0.4932451080777797
2021,CYCPEPTMPDB_PAMPA_005548,0.47560975609756095,0.45889654871503993
2021,CYCPEPTMPDB_PAMPA_006771,0.8148148148148148,0.7608059245990282
2021,CYCPEPTMPDB_PAMPA_005349,0.4772727272727273,0.4590909090909091
2021,CYCPEPTMPDB_PAMPA_006423,0.5128205128205128,0.5072699849170437
2021,CYCPEPTMPDB_PAMPA_005992,0.4431818181818182,0.4380616509926855
2021,CYCPEPTMPDB_PAMPA_007112,0.4268292682926829,0.4165607336660453
2021,CYCPEPTMPDB_PAMPA_005976,0.4431818181818182,0.4380616509926855
2021,CYCPEPTMPDB_PAMPA_006691,0.803921568627451,0.7524000857218738
2021,CYCPEPTMPDB_PAMPA_007220,0.5844155844155844,0.5588169223463341
2021,CYCPEPTMPDB_PAMPA_005719,0.524390243902439,0.4932451080777797
2021,CYCPEPTMPDB_PAMPA_005441,0.47368421052631576,0.47368421052631576
2021,CYCPEPTMPDB_PAMPA_007077,0.5443037974683544,0.5307729500551043
2021,CYCPEPTMPDB_PAMPA_006890,0.6101694915254238,0.6101694915254238
2021,CYCPEPTMPDB_PAMPA_005358,0.5119047619047619,0.48189048065336726
2021,CYCPEPTMPDB_PAMPA_006730,0.8490566037735849,0.7959456220251344
2021,CYCPEPTMPDB_PAMPA_006417,0.581081081081081,0.5446979975927344
2021,CYCPEPTMPDB_PAMPA_006534,0.6285714285714286,0.5950813743218807
2021,CYCPEPTMPDB_PAMPA_005246,0.5357142857142857,0.4920616883116883
2021,CYCPEPTMPDB_PAMPA_005568,0.5357142857142857,0.4920616883116883
2021,CYCPEPTMPDB_PAMPA_006905,0.6567164179104478,0.6384900364487722
2021,CYCPEPTMPDB_PAMPA_005736,0.5121951219512195,0.4814959955708381
2021,CYCPEPTMPDB_PAMPA_005967,0.4431818181818182,0.4380616509926855
2021,CYCPEPTMPDB_PAMPA_007219,0.620253164556962,0.6011105606016932
2021,CYCPEPTMPDB_PAMPA_005646,0.47368421052631576,0.47368421052631576
2021,CYCPEPTMPDB_PAMPA_007159,0.5897435897435898,0.5501242372994538
2021,CYCPEPTMPDB_PAMPA_006024,0.5357142857142857,0.4920616883116883
2021,CYCPEPTMPDB_PAMPA_005584,0.46875,0.46875
2021,CYCPEPTMPDB_PAMPA_006946,0.8867924528301887,0.8867924528301888
2021,CYCPEPTMPDB_PAMPA_006830,0.6349206349206349,0.6235209952525611
2021,CYCPEPTMPDB_PAMPA_007178,0.575,0.5407434660555708
2021,CYCPEPTMPDB_PAMPA_006267,0.5789473684210527,0.5472460220318238
2021,CYCPEPTMPDB_PAMPA_005242,0.4787234042553192,0.4787234042553192
2021,CYCPEPTMPDB_PAMPA_007079,0.5443037974683544,0.5307729500551043
2021,CYCPEPTMPDB_PAMPA_006465,0.5972222222222222,0.5592846895478474
2021,CYCPEPTMPDB_PAMPA_005498,0.5238095238095238,0.4832068808384598
2021,CYCPEPTMPDB_PAMPA_007234,0.5681818181818182,0.5404035334965037
2021,CYCPEPTMPDB_PAMPA_006050,0.5238095238095238,0.4832068808384598
2021,CYCPEPTMPDB_PAMPA_007215,0.5975609756097561,0.5800935282062263
2021,CYCPEPTMPDB_PAMPA_005755,0.5238095238095238,0.4832068808384598
2021,CYCPEPTMPDB_PAMPA_006897,0.6349206349206349,0.6093006549434088
2021,CYCPEPTMPDB_PAMPA_006468,0.6081081081081081,0.5551813083208431
2021,CYCPEPTMPDB_PAMPA_005559,0.5238095238095238,0.4832068808384598
2021,CYCPEPTMPDB_PAMPA_006445,0.6081081081081081,0.5551813083208431
2021,CYCPEPTMPDB_PAMPA_005282,0.47368421052631576,0.47368421052631576
2021,CYCPEPTMPDB_PAMPA_006243,0.5121951219512195,0.4814959955708381
2021,CYCPEPTMPDB_PAMPA_006320,0.5256410256410257,0.5051282051282051
2021,CYCPEPTMPDB_PAMPA_005704,0.47560975609756095,0.45889654871503993
2021,CYCPEPTMPDB_PAMPA_005239,0.5116279069767442,0.4875
2021,CYCPEPTMPDB_PAMPA_005847,0.5357142857142857,0.4920616883116883
2021,CYCPEPTMPDB_PAMPA_006630,0.52,0.52
2021,CYCPEPTMPDB_PAMPA_007033,0.4125,0.4008637638956788
2021,CYCPEPTMPDB_PAMPA_006077,0.5357142857142857,0.4920616883116883
2021,CYCPEPTMPDB_PAMPA_005293,0.4787234042553192,0.4787234042553192
2021,CYCPEPTMPDB_PAMPA_006729,0.8333333333333334,0.7808404558404558
2021,CYCPEPTMPDB_PAMPA_005979,0.47368421052631576,0.47368421052631576
2021,CYCPEPTMPDB_PAMPA_006963,0.7358490566037735,0.6831198745666438
2021,CYCPEPTMPDB_PAMPA_005375,0.524390243902439,0.4932451080777797
2021,CYCPEPTMPDB_PAMPA_005389,0.4787234042553192,0.4787234042553192
2021,CYCPEPTMPDB_PAMPA_005862,0.45454545454545453,0.45301435406698565
2021,CYCPEPTMPDB_PAMPA_005496,0.5119047619047619,0.48189048065336726
2021,CYCPEPTMPDB_PAMPA_005218,0.5116279069767442,0.4875
2021,CYCPEPTMPDB_PAMPA_006303,0.5384615384615384,0.5137046861184793
2021,CYCPEPTMPDB_PAMPA_005298,0.5116279069767442,0.4875
2021,CYCPEPTMPDB_PAMPA_006558,0.6875,0.6413731856378915
2021,CYCPEPTMPDB_PAMPA_005931,0.4772727272727273,0.4590909090909091
2021,CYCPEPTMPDB_PAMPA_005342,0.47368421052631576,0.47368421052631576
2021,CYCPEPTMPDB_PAMPA_006535,0.6025641025641025,0.6025641025641025
2021,CYCPEPTMPDB_PAMPA_006829,0.8461538461538461,0.8461538461538461
2021,CYCPEPTMPDB_PAMPA_007134,0.4268292682926829,0.4165607336660453
2021,CYCPEPTMPDB_PAMPA_005825,0.524390243902439,0.4932451080777797
2021,CYCPEPTMPDB_PAMPA_006803,0.7681159420289855,0.7681159420289855
2021,CYCPEPTMPDB_PAMPA_007217,0.5714285714285714,0.5604620313182579
2021,CYCPEPTMPDB_PAMPA_006249,0.5357142857142857,0.4920616883116883
2021,CYCPEPTMPDB_PAMPA_006757,0.8333333333333334,0.8333333333333334
2021,CYCPEPTMPDB_PAMPA_006522,0.6285714285714286,0.5950813743218807
2021,CYCPEPTMPDB_PAMPA_005480,0.4772727272727273,0.4590909090909091
2021,CYCPEPTMPDB_PAMPA_007142,0.4268292682926829,0.4165607336660453
2021,CYCPEPTMPDB_PAMPA_006855,0.5802469135802469,0.5549875626391814
2021,CYCPEPTMPDB_PAMPA_005950,0.4787234042553192,0.4787234042553192
2021,CYCPEPTMPDB_PAMPA_006685,0.8461538461538461,0.808435199567772
2021,CYCPEPTMPDB_PAMPA_005315,0.5121951219512195,0.4814959955708381
2021,CYCPEPTMPDB_PAMPA_005737,0.5121951219512195,0.4814959955708381
2021,CYCPEPTMPDB_PAMPA_005097,0.5588235294117647,0.5528645883735399
2021,CYCPEPTMPDB_PAMPA_005208,0.4772727272727273,0.4590909090909091
2021,CYCPEPTMPDB_PAMPA_005794,0.5357142857142857,0.4920616883116883
2021,CYCPEPTMPDB_PAMPA_006200,0.4431818181818182,0.4380616509926855
2021,CYCPEPTMPDB_PAMPA_006047,0.4772727272727273,0.4590909090909091
2021,CYCPEPTMPDB_PAMPA_006744,0.6612903225806451,0.6534701857282502
2021,CYCPEPTMPDB_PAMPA_006732,0.8870967741935484,0.8870967741935484
2021,CYCPEPTMPDB_PAMPA_007129,0.4375,0.4156773690903129
2021,CYCPEPTMPDB_PAMPA_006506,0.6911764705882353,0.6358484321998843
2021,CYCPEPTMPDB_PAMPA_006505,0.6911764705882353,0.6358484321998843
2021,CYCPEPTMPDB_PAMPA_006933,0.5052631578947369,0.4420324850588009
2021,CYCPEPTMPDB_PAMPA_006629,0.46788990825688076,0.4431427899317808
2021,CYCPEPTMPDB_PAMPA_006387,0.5294117647058824,0.5294117647058824
2021,CYCPEPTMPDB_PAMPA_007177,0.5897435897435898,0.5501242372994538
2021,CYCPEPTMPDB_PAMPA_005537,0.47368421052631576,0.47368421052631576
2021,CYCPEPTMPDB_PAMPA_006616,0.5252525252525253,0.5252525252525253
2021,CYCPEPTMPDB_PAMPA_006956,0.6623376623376623,0.6417953602614809
2021,CYCPEPTMPDB_PAMPA_006232,0.5357142857142857,0.4920616883116883
2021,CYCPEPTMPDB_PAMPA_006811,0.782608695652174,0.782608695652174
2021,CYCPEPTMPDB_PAMPA_006352,0.5416666666666666,0.518903586886043
2021,CYCPEPTMPDB_PAMPA_007206,0.575,0.5407434660555708
2021,CYCPEPTMPDB_PAMPA_006727,0.5555555555555556,0.5057359307359308
2021,CYCPEPTMPDB_PAMPA_006791,0.6111111111111112,0.6111111111111112
2021,CYCPEPTMPDB_PAMPA_006493,0.6103896103896104,0.6103896103896104
2021,CYCPEPTMPDB_PAMPA_006953,0.7323943661971831,0.7147510782769976
2021,CYCPEPTMPDB_PAMPA_007101,0.5443037974683544,0.5307729500551043
2021,CYCPEPTMPDB_PAMPA_005759,0.4772727272727273,0.4590909090909091
2021,CYCPEPTMPDB_PAMPA_005779,0.524390243902439,0.4932451080777797
2021,CYCPEPTMPDB_PAMPA_006353,0.5416666666666666,0.518903586886043
2021,CYCPEPTMPDB_PAMPA_006945,0.8490566037735849,0.8490566037735849
2021,CYCPEPTMPDB_PAMPA_006344,0.5232558139534884,0.5232558139534884
2021,CYCPEPTMPDB_PAMPA_006796,0.859375,0.859375
2021,CYCPEPTMPDB_PAMPA_005413,0.4659090909090909,0.45151515151515154
2021,CYCPEPTMPDB_PAMPA_005744,0.5357142857142857,0.4920616883116883
2021,CYCPEPTMPDB_PAMPA_006530,0.6911764705882353,0.6358484321998843
2021,CYCPEPTMPDB_PAMPA_006575,0.4594594594594595,0.4594594594594595
2021,CYCPEPTMPDB_PAMPA_005805,0.47560975609756095,0.45889654871503993
2021,CYCPEPTMPDB_PAMPA_006478,0.618421052631579,0.618421052631579
2021,CYCPEPTMPDB_PAMPA_006378,0.5789473684210527,0.5472460220318238
2021,CYCPEPTMPDB_PAMPA_006864,0.6153846153846154,0.5956755379519607
2021,CYCPEPTMPDB_PAMPA_006068,0.47368421052631576,0.47368421052631576
2021,CYCPEPTMPDB_PAMPA_006402,0.581081081081081,0.5446979975927344
2021,CYCPEPTMPDB_PAMPA_006496,0.618421052631579,0.618421052631579
2021,CYCPEPTMPDB_PAMPA_006504,0.6911764705882353,0.6358484321998843
2021,CYCPEPTMPDB_PAMPA_006592,0.45098039215686275,0.45098039215686275
2021,CYCPEPTMPDB_PAMPA_007141,0.4375,0.4156773690903129
2021,CYCPEPTMPDB_PAMPA_006625,0.4339622641509434,0.4339622641509434
2021,CYCPEPTMPDB_PAMPA_006759,0.828125,0.785966308165057
2021,CYCPEPTMPDB_PAMPA_006450,0.5294117647058824,0.5294117647058824
2021,CYCPEPTMPDB_PAMPA_007225,0.5681818181818182,0.5404035334965037
2021,CYCPEPTMPDB_PAMPA_007239,0.647887323943662,0.6063091636237177
2021,CYCPEPTMPDB_PAMPA_006739,0.8382352941176471,0.8382352941176471
2021,CYCPEPTMPDB_PAMPA_006147,0.4431818181818182,0.4380616509926855
2021,CYCPEPTMPDB_PAMPA_005891,0.4431818181818182,0.4380616509926855
2021,CYCPEPTMPDB_PAMPA_006693,0.803921568627451,0.7524000857218738
2021,CYCPEPTMPDB_PAMPA_006922,0.6666666666666666,0.6325037375506013
2021,CYCPEPTMPDB_PAMPA_006818,0.675,0.6651500277258631
2021,CYCPEPTMPDB_PAMPA_006279,0.5789473684210527,0.5472460220318238
2021,CYCPEPTMPDB_PAMPA_006155,0.524390243902439,0.4932451080777797
2021,CYCPEPTMPDB_PAMPA_005636,0.5119047619047619,0.48189048065336726
2021,CYCPEPTMPDB_PAMPA_006774,0.84375,0.84375
2021,CYCPEPTMPDB_PAMPA_006853,0.6103896103896104,0.5827614511354349
2021,CYCPEPTMPDB_PAMPA_007026,0.45348837209302323,0.4344347850384683
2021,CYCPEPTMPDB_PAMPA_005191,0.5119047619047619,0.48189048065336726
2021,CYCPEPTMPDB_PAMPA_006116,0.5119047619047619,0.48189048065336726
2021,CYCPEPTMPDB_PAMPA_005659,0.4787234042553192,0.4787234042553192
2021,CYCPEPTMPDB_PAMPA_005959,0.5121951219512195,0.4814959955708381
2021,CYCPEPTMPDB_PAMPA_006580,0.43333333333333335,0.4188700564971752
2021,CYCPEPTMPDB_PAMPA_006984,0.6,0.5694232050641346
2021,CYCPEPTMPDB_PAMPA_006134,0.5116279069767442,0.4875
2021,CYCPEPTMPDB_PAMPA_005302,0.5357142857142857,0.4920616883116883
2021,CYCPEPTMPDB_PAMPA_005488,0.4431818181818182,0.4380616509926855
2021,CYCPEPTMPDB_PAMPA_005966,0.4431818181818182,0.4380616509926855
2021,CYCPEPTMPDB_PAMPA_005493,0.5119047619047619,0.48189048065336726
2021,CYCPEPTMPDB_PAMPA_007194,0.575,0.5407434660555708
2021,CYCPEPTMPDB_PAMPA_006124,0.4772727272727273,0.4590909090909091
2021,CYCPEPTMPDB_PAMPA_006581,0.4722222222222222,0.4722222222222222
2021,CYCPEPTMPDB_PAMPA_006056,0.5119047619047619,0.48189048065336726
2021,CYCPEPTMPDB_PAMPA_006666,0.5151515151515151,0.5151515151515151
2021,CYCPEPTMPDB_PAMPA_006998,0.575,0.5407434660555708
2021,CYCPEPTMPDB_PAMPA_005900,0.524390243902439,0.4932451080777797
2021,CYCPEPTMPDB_PAMPA_006847,0.5714285714285714,0.5241169688711874
2021,CYCPEPTMPDB_PAMPA_005598,0.5119047619047619,0.48189048065336726
2021,CYCPEPTMPDB_PAMPA_005875,0.5121951219512195,0.4814959955708381
2021,CYCPEPTMPDB_PAMPA_006966,0.6607142857142857,0.642487684729064
2021,CYCPEPTMPDB_PAMPA_005296,0.5357142857142857,0.4920616883116883
2021,CYCPEPTMPDB_PAMPA_007191,0.5897435897435898,0.5501242372994538
2021,CYCPEPTMPDB_PAMPA_006899,0.7014925373134329,0.7014925373134329
2021,CYCPEPTMPDB_PAMPA_005474,0.4431818181818182,0.4380616509926855
2021,CYCPEPTMPDB_PAMPA_005514,0.5121951219512195,0.4814959955708381
2021,CYCPEPTMPDB_PAMPA_006794,0.8615384615384616,0.8615384615384617
2021,CYCPEPTMPDB_PAMPA_005487,0.5119047619047619,0.48189048065336726
2021,CYCPEPTMPDB_PAMPA_006618,0.4144144144144144,0.41441441441441446
2021,CYCPEPTMPDB_PAMPA_006258,0.5121951219512195,0.4814959955708381
2021,CYCPEPTMPDB_PAMPA_006591,0.49624060150375937,0.4636045559443162
2021,CYCPEPTMPDB_PAMPA_007130,0.4268292682926829,0.4165607336660453
2021,CYCPEPTMPDB_PAMPA_006248,0.4787234042553192,0.4787234042553192
2021,CYCPEPTMPDB_PAMPA_006463,0.5384615384615384,0.5137046861184793
2021,CYCPEPTMPDB_PAMPA_005160,0.4946236559139785,0.4946236559139785
2021,CYCPEPTMPDB_PAMPA_007165,0.5897435897435898,0.5501242372994538
2021,CYCPEPTMPDB_PAMPA_006276,0.5357142857142857,0.5357142857142857
2021,CYCPEPTMPDB_PAMPA_005588,0.5357142857142857,0.4920616883116883
2021,CYCPEPTMPDB_PAMPA_005475,0.47560975609756095,0.45889654871503993
2021,CYCPEPTMPDB_PAMPA_005859,0.4787234042553192,0.4787234042553192
2021,CYCPEPTMPDB_PAMPA_005887,0.5119047619047619,0.48189048065336726
2021,CYCPEPTMPDB_PAMPA_006172,0.5357142857142857,0.4920616883116883
2021,CYCPEPTMPDB_PAMPA_005974,0.4431818181818182,0.4380616509926855
2021,CYCPEPTMPDB_PAMPA_005433,0.47560975609756095,0.45889654871503993
2021,CYCPEPTMPDB_PAMPA_006112,0.47560975609756095,0.45889654871503993
2021,CYCPEPTMPDB_PAMPA_006371,0.5294117647058824,0.5294117647058824
2021,CYCPEPTMPDB_PAMPA_005551,0.5119047619047619,0.48189048065336726
2021,CYCPEPTMPDB_PAMPA_005911,0.47368421052631576,0.47368421052631576
2021,CYCPEPTMPDB_PAMPA_006091,0.5119047619047619,0.48189048065336726
2021,CYCPEPTMPDB_PAMPA_007084,0.5952380952380952,0.5704775616540323
2021,CYCPEPTMPDB_PAMPA_005297,0.5116279069767442,0.4875
2021,CYCPEPTMPDB_PAMPA_005257,0.4431818181818182,0.4380616509926855
2021,CYCPEPTMPDB_PAMPA_006675,0.47706422018348627,0.4452812126047069
2021,CYCPEPTMPDB_PAMPA_005798,0.5121951219512195,0.4814959955708381
2021,CYCPEPTMPDB_PAMPA_006596,0.42574257425742573,0.4151081194800911
2021,CYCPEPTMPDB_PAMPA_006225,0.4787234042553192,0.4787234042553192
2021,CYCPEPTMPDB_PAMPA_006117,0.5119047619047619,0.48189048065336726
2021,CYCPEPTMPDB_PAMPA_006681,0.873015873015873,0.7461708474366703
2021,CYCPEPTMPDB_PAMPA_007058,0.5952380952380952,0.5704775616540323
2021,CYCPEPTMPDB_PAMPA_005130,0.5571428571428572,0.5571428571428572
2021,CYCPEPTMPDB_PAMPA_005871,0.45454545454545453,0.45301435406698565
2021,CYCPEPTMPDB_PAMPA_006574,0.4857142857142857,0.48571428571428565
2021,CYCPEPTMPDB_PAMPA_006486,0.618421052631579,0.618421052631579
2021,CYCPEPTMPDB_PAMPA_006459,0.6081081081081081,0.5551813083208431
2021,CYCPEPTMPDB_PAMPA_007144,0.575,0.5407434660555708
2021,CYCPEPTMPDB_PAMPA_005337,0.47560975609756095,0.45889654871503993
2021,CYCPEPTMPDB_PAMPA_007164,0.575,0.5407434660555708
2021,CYCPEPTMPDB_PAMPA_005696,0.47368421052631576,0.47368421052631576
2021,CYCPEPTMPDB_PAMPA_006393,0.5416666666666666,0.518903586886043
2021,CYCPEPTMPDB_PAMPA_007171,0.5897435897435898,0.5501242372994538
2021,CYCPEPTMPDB_PAMPA_005742,0.46875,0.46875
2021,CYCPEPTMPDB_PAMPA_006624,0.5360824742268041,0.5360824742268041
2021,CYCPEPTMPDB_PAMPA_006363,0.5416666666666666,0.518903586886043
2021,CYCPEPTMPDB_PAMPA_007002,0.5227272727272727,0.5086712923869706
2021,CYCPEPTMPDB_PAMPA_005658,0.4787234042553192,0.4787234042553192
2021,CYCPEPTMPDB_PAMPA_005285,0.4772727272727273,0.4590909090909091
2021,CYCPEPTMPDB_PAMPA_006909,0.6666666666666666,0.6452918572655414
2021,CYCPEPTMPDB_PAMPA_006071,0.4772727272727273,0.4590909090909091
2021,CYCPEPTMPDB_PAMPA_007150,0.575,0.5407434660555708
2021,CYCPEPTMPDB_PAMPA_006178,0.5121951219512195,0.4814959955708381
2021,CYCPEPTMPDB_PAMPA_005570,0.46875,0.46875
2021,CYCPEPTMPDB_PAMPA_005843,0.524390243902439,0.4932451080777797
2021,CYCPEPTMPDB_PAMPA_005117,0.5645161290322581,0.5393408159940417
2021,CYCPEPTMPDB_PAMPA_005555,0.5119047619047619,0.48189048065336726
2021,CYCPEPTMPDB_PAMPA_006280,0.5789473684210527,0.5472460220318238
2021,CYCPEPTMPDB_PAMPA_006051,0.4772727272727273,0.4590909090909091
2021,CYCPEPTMPDB_PAMPA_006311,0.6081081081081081,0.5551813083208431
2021,CYCPEPTMPDB_PAMPA_006611,0.4423076923076923,0.44230769230769235
2021,CYCPEPTMPDB_PAMPA_005865,0.5357142857142857,0.4920616883116883
2021,CYCPEPTMPDB_PAMPA_006781,0.8115942028985508,0.8115942028985508
2021,CYCPEPTMPDB_PAMPA_005226,0.45454545454545453,0.45301435406698565
2021,CYCPEPTMPDB_PAMPA_007238,0.6103896103896104,0.5798764882608212
2021,CYCPEPTMPDB_PAMPA_006578,0.4444444444444444,0.4444444444444445
2021,CYCPEPTMPDB_PAMPA_005426,0.47368421052631576,0.47368421052631576
2021,CYCPEPTMPDB_PAMPA_006334,0.6081081081081081,0.5551813083208431
2021,CYCPEPTMPDB_PAMPA_005562,0.5116279069767442,0.4875
2021,CYCPEPTMPDB_PAMPA_007292,0.38095238095238093,0.3586097193259315
2021,CYCPEPTMPDB_PAMPA_006734,0.9032258064516129,0.9032258064516128
2021,CYCPEPTMPDB_PAMPA_006191,0.47560975609756095,0.45889654871503993
2021,CYCPEPTMPDB_PAMPA_006226,0.5116279069767442,0.4875
2021,CYCPEPTMPDB_PAMPA_006390,0.581081081081081,0.5446979975927344
2021,CYCPEPTMPDB_PAMPA_005956,0.5357142857142857,0.4920616883116883
