representation_id,seed,feature,subblock,mean_absolute_shap,proportion
A,0,mol_weight,A,0.2106381356716156,0.17473986744880676
A,0,logp,A,0.25069621205329895,0.20797099173069
A,0,tpsa,A,0.10659051686525345,0.0884246900677681
A,0,num_h_acceptors,A,0.06843605637550354,0.05677275359630585
A,0,num_h_donors,A,0.0888221338391304,0.07368450611829758
A,0,num_rotatable_bonds,A,0.106890469789505,0.08867352455854416
A,0,num_aromatic_rings,A,0.11192481219768524,0.09284988045692444
A,0,num_aliphatic_rings,A,0.1543293297290802,0.1280275583267212
A,0,num_edits,A,0.06814582645893097,0.056531988084316254
A,0,num_edit_families,A,0.038964834064245224,0.03232420235872269
A,1,mol_weight,A,0.20878128707408905,0.19458544254302979
A,1,logp,A,0.19508309662342072,0.1818186491727829
A,1,tpsa,A,0.11499255150556564,0.10717376321554184
A,1,num_h_acceptors,A,0.055814992636442184,0.05201991647481918
A,1,num_h_donors,A,0.06468373537063599,0.06028563901782036
A,1,num_rotatable_bonds,A,0.1171383187174797,0.10917363315820694
A,1,num_aromatic_rings,A,0.07578463852405548,0.07063174992799759
A,1,num_aliphatic_rings,A,0.10145163536071777,0.09455354511737823
A,1,num_edits,A,0.08053414523601532,0.07505831867456436
A,1,num_edit_families,A,0.0586899109184742,0.054699357599020004
A,2,mol_weight,A,0.13980409502983093,0.14282771944999695
A,2,logp,A,0.2061079442501068,0.21056555211544037
A,2,tpsa,A,0.09332960844039917,0.09534810483455658
A,2,num_h_acceptors,A,0.04475187510251999,0.045719750225543976
A,2,num_h_donors,A,0.0895082876086235,0.09144413471221924
A,2,num_rotatable_bonds,A,0.09014315903186798,0.09209273755550385
A,2,num_aromatic_rings,A,0.09540116041898727,0.09746445715427399
A,2,num_aliphatic_rings,A,0.10192853957414627,0.1041330099105835
A,2,num_edits,A,0.0631093829870224,0.06447428464889526
A,2,num_edit_families,A,0.05474621057510376,0.0559302382171154
A,3,mol_weight,A,0.19031155109405518,0.19026754796504974
A,3,logp,A,0.20497141778469086,0.20492403209209442
A,3,tpsa,A,0.09471192210912704,0.09469002485275269
A,3,num_h_acceptors,A,0.05256474018096924,0.052552588284015656
A,3,num_h_donors,A,0.06360901892185211,0.06359431147575378
A,3,num_rotatable_bonds,A,0.09511004388332367,0.09508804976940155
A,3,num_aromatic_rings,A,0.08921539038419724,0.08919475972652435
A,3,num_aliphatic_rings,A,0.1128690242767334,0.11284292489290237
A,3,num_edits,A,0.05179513990879059,0.05178316310048103
A,3,num_edit_families,A,0.045073021203279495,0.0450626015663147
A,4,mol_weight,A,0.21444664895534515,0.17663191258907318
A,4,logp,A,0.2383040189743042,0.19628235697746277
A,4,tpsa,A,0.12710726261138916,0.10469362884759903
A,4,num_h_acceptors,A,0.08871110528707504,0.07306811213493347
A,4,num_h_donors,A,0.0838395208120346,0.06905556470155716
A,4,num_rotatable_bonds,A,0.0998142659664154,0.0822133794426918
A,4,num_aromatic_rings,A,0.10367872565984726,0.08539639413356781
A,4,num_aliphatic_rings,A,0.1405971646308899,0.1158047690987587
A,4,num_edits,A,0.05866789072751999,0.04832260683178902
A,4,num_edit_families,A,0.05892123281955719,0.04853127524256706
B,0,anchor_count_total,B1,0.06485041230916977,0.05398866534233093
B,0,anchor_count_unique,B1,0.027710555121302605,0.023069335147738457
B,0,anchor_density,B1,0.043889936059713364,0.03653884306550026
B,0,anchor_pos_mean,B1,0.07919534295797348,0.06593097001314163
B,0,anchor_pos_std,B1,0.15027756989002228,0.12510769069194794
B,0,anchor_pos_range,B1,0.08326267451047897,0.06931707262992859
B,0,anchor_res_A,B2,0.09609925001859665,0.08000365644693375
B,0,anchor_res_C,B2,0.0,0.0
B,0,anchor_res_D,B2,0.03190282732248306,0.02655944600701332
B,0,anchor_res_E,B2,0.0,0.0
B,0,anchor_res_F,B2,0.050612375140190125,0.04213534668087959
B,0,anchor_res_G,B2,0.030676623806357384,0.025538619607686996
B,0,anchor_res_H,B2,0.0,0.0
B,0,anchor_res_I,B2,0.005951025523245335,0.004954292438924313
B,0,anchor_res_K,B2,0.0,0.0
B,0,anchor_res_L,B2,0.096648670732975,0.0804610550403595
B,0,anchor_res_M,B2,0.0,0.0
B,0,anchor_res_N,B2,0.0,0.0
B,0,anchor_res_P,B2,0.08417193591594696,0.07007404416799545
B,0,anchor_res_Q,B2,0.0,0.0
B,0,anchor_res_R,B2,0.0,0.0
B,0,anchor_res_S,B2,0.00892765261232853,0.007432366721332073
B,0,anchor_res_T,B2,0.008107823319733143,0.006749850232154131
B,0,anchor_res_V,B2,0.018071908503770828,0.015045057982206345
B,0,anchor_res_W,B2,0.0,0.0
B,0,anchor_res_Y,B2,0.0016820109449326992,0.0014002921525388956
B,0,anchor_hydrophobic_frac,B3,0.06220216676592827,0.0517839714884758
B,0,anchor_charged_frac,B3,0.010438178665935993,0.008689896203577518
B,0,anchor_polar_frac,B3,0.016785813495516777,0.013974370434880257
B,0,anchor_aromatic_frac,B3,0.03111843392252922,0.025906430557370186
B,0,anchor_small_frac,B3,0.04966757073998451,0.041348785161972046
B,0,anchor_proline_frac,B3,0.020981302484869957,0.017467159777879715
B,0,anchor_terminal_frac,B3,0.010325743816792965,0.008596292696893215
B,0,anchor_n_terminal_count,B3,0.00488691870123148,0.004068412352353334
B,0,anchor_c_terminal_count,B3,0.11274094879627228,0.09385804831981659
B,1,anchor_count_total,B1,0.08400196582078934,0.05768793448805809
B,1,anchor_count_unique,B1,0.043476589024066925,0.02985733188688755
B,1,anchor_density,B1,0.05841122195124626,0.04011361673474312
B,1,anchor_pos_mean,B1,0.1066317930817604,0.0732288584113121
B,1,anchor_pos_std,B1,0.19103477895259857,0.1311921924352646
B,1,anchor_pos_range,B1,0.11027664691209793,0.07573194056749344
B,1,anchor_res_A,B2,0.1223665103316307,0.08403459936380386
B,1,anchor_res_C,B2,0.0,0.0
B,1,anchor_res_D,B2,0.03549562767148018,0.02437644638121128
B,1,anchor_res_E,B2,0.0,0.0
B,1,anchor_res_F,B2,0.0673532634973526,0.04625451937317848
B,1,anchor_res_G,B2,0.04073464497923851,0.027974316850304604
B,1,anchor_res_H,B2,0.0,0.0
B,1,anchor_res_I,B2,0.005837966687977314,0.0040091946721076965
B,1,anchor_res_K,B2,0.0004435791925061494,0.0003046258061658591
B,1,anchor_res_L,B2,0.09952618926763535,0.06834911555051804
B,1,anchor_res_M,B2,0.0,0.0
B,1,anchor_res_N,B2,0.0,0.0
B,1,anchor_res_P,B2,0.0914808139204979,0.06282399594783783
B,1,anchor_res_Q,B2,0.0,0.0
B,1,anchor_res_R,B2,0.0,0.0
B,1,anchor_res_S,B2,0.008766263723373413,0.006020188331604004
B,1,anchor_res_T,B2,0.008562601171433926,0.005880324169993401
B,1,anchor_res_V,B2,0.017109790816903114,0.011750063858926296
B,1,anchor_res_W,B2,0.0,0.0
B,1,anchor_res_Y,B2,0.0033139719162136316,0.0022758538834750652
B,1,anchor_hydrophobic_frac,B3,0.07990173995494843,0.05487212538719177
B,1,anchor_charged_frac,B3,0.013437261804938316,0.009227973408997059
B,1,anchor_polar_frac,B3,0.016626587137579918,0.011418226175010204
B,1,anchor_aromatic_frac,B3,0.04117058217525482,0.028273694217205048
B,1,anchor_small_frac,B3,0.05957186967134476,0.040910687297582626
B,1,anchor_proline_frac,B3,0.028633875772356987,0.01966417208313942
B,1,anchor_terminal_frac,B3,0.012971445918083191,0.008908076211810112
B,1,anchor_n_terminal_count,B3,0.008360819891095161,0.005741751752793789
B,1,anchor_c_terminal_count,B3,0.10064608603715897,0.0691182017326355
B,2,anchor_count_total,B1,0.06697515398263931,0.05032311752438545
B,2,anchor_count_unique,B1,0.027861617505550385,0.02093438245356083
B,2,anchor_density,B1,0.05168145149946213,0.038831889629364014
B,2,anchor_pos_mean,B1,0.09361698478460312,0.07034099102020264
B,2,anchor_pos_std,B1,0.17155463993549347,0.12890100479125977
B,2,anchor_pos_range,B1,0.12494596838951111,0.09388064593076706
B,2,anchor_res_A,B2,0.10958925634622574,0.08234207332134247
B,2,anchor_res_C,B2,0.0,0.0
B,2,anchor_res_D,B2,0.035883594304323196,0.026961853727698326
B,2,anchor_res_E,B2,0.0,0.0
B,2,anchor_res_F,B2,0.049352798610925674,0.037082210183143616
B,2,anchor_res_G,B2,0.03137010708451271,0.023570554330945015
B,2,anchor_res_H,B2,0.0,0.0
B,2,anchor_res_I,B2,0.006029611919075251,0.0045304689556360245
B,2,anchor_res_K,B2,0.0002768138947430998,0.00020798963669221848
B,2,anchor_res_L,B2,0.09969737380743027,0.07490961253643036
B,2,anchor_res_M,B2,0.0,0.0
B,2,anchor_res_N,B2,0.0,0.0
B,2,anchor_res_P,B2,0.07729025930166245,0.05807357653975487
B,2,anchor_res_Q,B2,5.640912422677502e-05,4.2384119296912104e-05
B,2,anchor_res_R,B2,0.0004957939963787794,0.00037252469337545335
B,2,anchor_res_S,B2,0.009204952977597713,0.006916325073689222
B,2,anchor_res_T,B2,0.009072955697774887,0.0068171462044119835
B,2,anchor_res_V,B2,0.015215971507132053,0.011432823725044727
B,2,anchor_res_W,B2,7.03599289408885e-05,5.286633677314967e-05
B,2,anchor_res_Y,B2,0.004618034232407808,0.0034698520321398973
B,2,anchor_hydrophobic_frac,B3,0.06320275366306305,0.04748864844441414
B,2,anchor_charged_frac,B3,0.016015952453017235,0.012033904902637005
B,2,anchor_polar_frac,B3,0.015021096915006638,0.011286400258541107
B,2,anchor_aromatic_frac,B3,0.047371815890073776,0.03559375926852226
B,2,anchor_small_frac,B3,0.05106906220316887,0.03837175667285919
B,2,anchor_proline_frac,B3,0.037786807864904404,0.028391871601343155
B,2,anchor_terminal_frac,B3,0.011040795594453812,0.008295722305774689
B,2,anchor_n_terminal_count,B3,0.012243671342730522,0.009199526160955429
B,2,anchor_c_terminal_count,B3,0.0922902300953865,0.06934410333633423
B,3,anchor_count_total,B1,0.06016894429922104,0.05892322584986687
B,3,anchor_count_unique,B1,0.015464701689779758,0.015144525095820427
B,3,anchor_density,B1,0.03179725259542465,0.031138932332396507
B,3,anchor_pos_mean,B1,0.06545975059270859,0.06410448998212814
B,3,anchor_pos_std,B1,0.11997312307357788,0.11748923361301422
B,3,anchor_pos_range,B1,0.07715419679880142,0.07555682212114334
B,3,anchor_res_A,B2,0.07074756175279617,0.06928282231092453
B,3,anchor_res_C,B2,9.515351848676801e-05,9.318348747910932e-05
B,3,anchor_res_D,B2,0.02502063475549221,0.02450261451303959
B,3,anchor_res_E,B2,1.824210812628735e-05,1.786442953743972e-05
B,3,anchor_res_F,B2,0.038393255323171616,0.037598371505737305
B,3,anchor_res_G,B2,0.02214871160686016,0.02169015072286129
B,3,anchor_res_H,B2,0.0,0.0
B,3,anchor_res_I,B2,0.006464969366788864,0.006331120617687702
B,3,anchor_res_K,B2,0.00023224046162795275,0.00022743221779819578
B,3,anchor_res_L,B2,0.11301042139530182,0.11067068576812744
B,3,anchor_res_M,B2,8.779511517786887e-06,8.597743544669356e-06
B,3,anchor_res_N,B2,8.109333975880872e-06,7.941440344438888e-06
B,3,anchor_res_P,B2,0.07931196689605713,0.07766991853713989
B,3,anchor_res_Q,B2,7.79742476879619e-05,7.635989459231496e-05
B,3,anchor_res_R,B2,0.00011001896200468764,0.0001077411652659066
B,3,anchor_res_S,B2,0.006168052554130554,0.006040350999683142
B,3,anchor_res_T,B2,0.006767363287508488,0.006627253722399473
B,3,anchor_res_V,B2,0.01682433672249317,0.016476010903716087
B,3,anchor_res_W,B2,0.00010021537309512496,9.814054646994919e-05
B,3,anchor_res_Y,B2,0.001651856815442443,0.0016176572535187006
B,3,anchor_hydrophobic_frac,B3,0.04236255958676338,0.041485495865345
B,3,anchor_charged_frac,B3,0.0025654572527855635,0.0025123427622020245
B,3,anchor_polar_frac,B3,0.013390426523983479,0.013113195076584816
B,3,anchor_aromatic_frac,B3,0.020030682906508446,0.01961597427725792
B,3,anchor_small_frac,B3,0.03957023099064827,0.03875098004937172
B,3,anchor_proline_frac,B3,0.004878135863691568,0.004777140449732542
B,3,anchor_terminal_frac,B3,0.007246024906635284,0.007096005138009787
B,3,anchor_n_terminal_count,B3,0.0031076548621058464,0.0030433149076998234
B,3,anchor_c_terminal_count,B3,0.13081243634223938,0.12810413539409637
B,4,anchor_count_total,B1,0.08665524423122406,0.05595702305436134
B,4,anchor_count_unique,B1,0.04581068456172943,0.029581932350993156
B,4,anchor_density,B1,0.06047408655285835,0.03905072063207626
B,4,anchor_pos_mean,B1,0.11461776494979858,0.07401362806558609
B,4,anchor_pos_std,B1,0.2055165320634842,0.13271087408065796
B,4,anchor_pos_range,B1,0.11294769495725632,0.07293519377708435
B,4,anchor_res_A,B2,0.13112801313400269,0.08467500656843185
B,4,anchor_res_C,B2,0.0,0.0
B,4,anchor_res_D,B2,0.02730078063905239,0.017629289999604225
B,4,anchor_res_E,B2,0.0,0.0
B,4,anchor_res_F,B2,0.0728825107216835,0.047063376754522324
B,4,anchor_res_G,B2,0.047140974551439285,0.030440958216786385
B,4,anchor_res_H,B2,0.0,0.0
B,4,anchor_res_I,B2,0.006638913881033659,0.004287032410502434
B,4,anchor_res_K,B2,0.0,0.0
B,4,anchor_res_L,B2,0.11174409091472626,0.07215797156095505
B,4,anchor_res_M,B2,0.0,0.0
B,4,anchor_res_N,B2,0.0,0.0
B,4,anchor_res_P,B2,0.09040006250143051,0.05837521329522133
B,4,anchor_res_Q,B2,0.0,0.0
B,4,anchor_res_R,B2,0.0,0.0
B,4,anchor_res_S,B2,0.00819434318691492,0.005291440524160862
B,4,anchor_res_T,B2,0.0104791559278965,0.00676684221252799
B,4,anchor_res_V,B2,0.015735918655991554,0.01016136072576046
B,4,anchor_res_W,B2,0.0,0.0
B,4,anchor_res_Y,B2,0.002783529693260789,0.0017974450020119548
B,4,anchor_hydrophobic_frac,B3,0.09332917630672455,0.06026666983962059
B,4,anchor_charged_frac,B3,0.017217416316270828,0.01111802738159895
B,4,anchor_polar_frac,B3,0.012730487622320652,0.008220624178647995
B,4,anchor_aromatic_frac,B3,0.04806714504957199,0.031039025634527206
B,4,anchor_small_frac,B3,0.06979750096797943,0.045071251690387726
B,4,anchor_proline_frac,B3,0.019384000450372696,0.012517084367573261
B,4,anchor_terminal_frac,B3,0.01578325778245926,0.010191929526627064
B,4,anchor_n_terminal_count,B3,0.011311020702123642,0.00730401324108243
B,4,anchor_c_terminal_count,B3,0.11053312569856644,0.0713760033249855
A+B,0,mol_weight,A,0.08598848432302475,0.04737074300646782
A+B,0,logp,A,0.21102198958396912,0.11625124514102936
A+B,0,tpsa,A,0.12075695395469666,0.06652456521987915
A+B,0,num_h_acceptors,A,0.03180165961384773,0.01751941815018654
A+B,0,num_h_donors,A,0.08290276676416397,0.04567083343863487
A+B,0,num_rotatable_bonds,A,0.10272285342216492,0.05658964812755585
A+B,0,num_aromatic_rings,A,0.03839898481965065,0.02115386165678501
A+B,0,num_aliphatic_rings,A,0.06607536971569061,0.036400679498910904
A+B,0,num_edits,A,0.016756780445575714,0.009231249801814556
A+B,0,num_edit_families,A,0.016872623935341835,0.009295066818594933
A+B,0,anchor_count_total,B1,0.014765633270144463,0.008134333416819572
A+B,0,anchor_count_unique,B1,0.020183388143777847,0.011118954978883266
A+B,0,anchor_density,B1,0.0766289010643959,0.04221458360552788
A+B,0,anchor_pos_mean,B1,0.1013280600309372,0.0558212585747242
A+B,0,anchor_pos_std,B1,0.15209095180034637,0.08378635346889496
A+B,0,anchor_pos_range,B1,0.07752398401498795,0.04270768165588379
A+B,0,anchor_res_A,B2,0.034128185361623764,0.018801093101501465
A+B,0,anchor_res_C,B2,0.0,0.0
A+B,0,anchor_res_D,B2,0.024044563993811607,0.013246063143014908
A+B,0,anchor_res_E,B2,0.0,0.0
A+B,0,anchor_res_F,B2,0.04541005566716194,0.025016235187649727
A+B,0,anchor_res_G,B2,0.026295820251107216,0.014486271888017654
A+B,0,anchor_res_H,B2,0.0,0.0
A+B,0,anchor_res_I,B2,0.0044019646011292934,0.0024250263813883066
A+B,0,anchor_res_K,B2,1.0321039553673472e-05,5.685822998202639e-06
A+B,0,anchor_res_L,B2,0.07645018398761749,0.04211612790822983
A+B,0,anchor_res_M,B2,0.0,0.0
A+B,0,anchor_res_N,B2,0.0,0.0
A+B,0,anchor_res_P,B2,0.05186951532959938,0.028574727475643158
A+B,0,anchor_res_Q,B2,0.0,0.0
A+B,0,anchor_res_R,B2,0.0,0.0
A+B,0,anchor_res_S,B2,0.014793088659644127,0.008149459026753902
A+B,0,anchor_res_T,B2,0.005338279064744711,0.0029408384580165148
A+B,0,anchor_res_V,B2,0.01065461803227663,0.00586959021165967
A+B,0,anchor_res_W,B2,0.0,0.0
A+B,0,anchor_res_Y,B2,0.0014887251891195774,0.0008201333112083375
A+B,0,anchor_hydrophobic_frac,B3,0.061807241290807724,0.0340493842959404
A+B,0,anchor_charged_frac,B3,0.010824420489370823,0.005963134113699198
A+B,0,anchor_polar_frac,B3,0.009669225662946701,0.005326741375029087
A+B,0,anchor_aromatic_frac,B3,0.029149863868951797,0.016058554872870445
A+B,0,anchor_small_frac,B3,0.039485398679971695,0.021752363070845604
A+B,0,anchor_proline_frac,B3,0.01895204745233059,0.010440614074468613
A+B,0,anchor_terminal_frac,B3,0.027524420991539955,0.015163103118538857
A+B,0,anchor_n_terminal_count,B3,0.0075990245677530766,0.004186274949461222
A+B,0,anchor_c_terminal_count,B3,0.09950701147317886,0.0548180490732193
A+B,1,mol_weight,A,0.05953949689865112,0.039827458560466766
A+B,1,logp,A,0.2294333577156067,0.15347370505332947
A+B,1,tpsa,A,0.0835331529378891,0.05587741732597351
A+B,1,num_h_acceptors,A,0.014746587723493576,0.00986436102539301
A+B,1,num_h_donors,A,0.09703781455755234,0.06491102278232574
A+B,1,num_rotatable_bonds,A,0.0988151878118515,0.06609994918107986
A+B,1,num_aromatic_rings,A,0.050843823701143265,0.03401070460677147
A+B,1,num_aliphatic_rings,A,0.04388106241822243,0.02935313992202282
A+B,1,num_edits,A,0.010867614299058914,0.007269619032740593
A+B,1,num_edit_families,A,0.007090311497449875,0.004742886871099472
A+B,1,anchor_count_total,B1,0.007242746185511351,0.00484485412016511
A+B,1,anchor_count_unique,B1,0.009297914803028107,0.006219607777893543
A+B,1,anchor_density,B1,0.0536612831056118,0.03589537367224693
A+B,1,anchor_pos_mean,B1,0.07329971343278885,0.04903201013803482
A+B,1,anchor_pos_std,B1,0.11453580111265182,0.07661586254835129
A+B,1,anchor_pos_range,B1,0.041308578103780746,0.027632340788841248
A+B,1,anchor_res_A,B2,0.015862563624978065,0.01061086542904377
A+B,1,anchor_res_C,B2,0.0,0.0
A+B,1,anchor_res_D,B2,0.012494216673076153,0.008357694372534752
A+B,1,anchor_res_E,B2,0.0,0.0
A+B,1,anchor_res_F,B2,0.03130941092967987,0.020943649113178253
A+B,1,anchor_res_G,B2,0.030025122687220573,0.020084556192159653
A+B,1,anchor_res_H,B2,0.0,0.0
A+B,1,anchor_res_I,B2,0.0027500821743160486,0.0018395987572148442
A+B,1,anchor_res_K,B2,0.0,0.0
A+B,1,anchor_res_L,B2,0.057359565049409866,0.03836924955248833
A+B,1,anchor_res_M,B2,0.0,0.0
A+B,1,anchor_res_N,B2,0.0,0.0
A+B,1,anchor_res_P,B2,0.05053670331835747,0.03380526602268219
A+B,1,anchor_res_Q,B2,0.0,0.0
A+B,1,anchor_res_R,B2,0.0,0.0
A+B,1,anchor_res_S,B2,0.010811780579388142,0.007232270669192076
A+B,1,anchor_res_T,B2,0.005650668404996395,0.0037798734847456217
A+B,1,anchor_res_V,B2,0.011869179084897041,0.007939591072499752
A+B,1,anchor_res_W,B2,0.0,0.0
A+B,1,anchor_res_Y,B2,0.0037185950204730034,0.0024874613154679537
A+B,1,anchor_hydrophobic_frac,B3,0.03834293410181999,0.02564854733645916
A+B,1,anchor_charged_frac,B3,0.005273435264825821,0.003527532797306776
A+B,1,anchor_polar_frac,B3,0.007680125068873167,0.0051374277099967
A+B,1,anchor_aromatic_frac,B3,0.010558970272541046,0.007063159253448248
A+B,1,anchor_small_frac,B3,0.026961298659443855,0.01803508773446083
A+B,1,anchor_proline_frac,B3,0.005773546639829874,0.0038620696868747473
A+B,1,anchor_terminal_frac,B3,0.00510278670117259,0.003413381753489375
A+B,1,anchor_n_terminal_count,B3,0.0003520949394442141,0.00023552511993329972
A+B,1,anchor_c_terminal_count,B3,0.1673683375120163,0.11195686459541321
A+B,2,mol_weight,A,0.06688974797725677,0.040804654359817505
A+B,2,logp,A,0.24872006475925446,0.15172633528709412
A+B,2,tpsa,A,0.08165416121482849,0.04981137067079544
A+B,2,num_h_acceptors,A,0.021613530814647675,0.013184870593249798
A+B,2,num_h_donors,A,0.08010532706975937,0.04886653646826744
A+B,2,num_rotatable_bonds,A,0.10456649959087372,0.06378854811191559
A+B,2,num_aromatic_rings,A,0.04772874340415001,0.029115894809365273
A+B,2,num_aliphatic_rings,A,0.052398476749658585,0.03196456655859947
A+B,2,num_edits,A,0.016182348132133484,0.009871694259345531
A+B,2,num_edit_families,A,0.008267163299024105,0.005043205339461565
A+B,2,anchor_count_total,B1,0.01292161550372839,0.007882554084062576
A+B,2,anchor_count_unique,B1,0.018601069226861,0.011347183026373386
A+B,2,anchor_density,B1,0.06392683833837509,0.03899719566106796
A+B,2,anchor_pos_mean,B1,0.10311117768287659,0.06290075927972794
A+B,2,anchor_pos_std,B1,0.12350133061408997,0.07533933967351913
A+B,2,anchor_pos_range,B1,0.0569792240858078,0.034758951514959335
A+B,2,anchor_res_A,B2,0.028763335198163986,0.017546456307172775
A+B,2,anchor_res_C,B2,0.0,0.0
A+B,2,anchor_res_D,B2,0.008446626365184784,0.005152683239430189
A+B,2,anchor_res_E,B2,0.0,0.0
A+B,2,anchor_res_F,B2,0.02981090173125267,0.01818550005555153
A+B,2,anchor_res_G,B2,0.032413601875305176,0.019773222506046295
A+B,2,anchor_res_H,B2,0.0,0.0
A+B,2,anchor_res_I,B2,0.0016767753986641765,0.0010228808969259262
A+B,2,anchor_res_K,B2,8.83192042238079e-05,5.387723649619147e-05
A+B,2,anchor_res_L,B2,0.05196278542280197,0.03169878199696541
A+B,2,anchor_res_M,B2,0.0,0.0
A+B,2,anchor_res_N,B2,0.0,0.0
A+B,2,anchor_res_P,B2,0.050722386687994,0.030942102894186974
A+B,2,anchor_res_Q,B2,0.0,0.0
A+B,2,anchor_res_R,B2,0.0,0.0
A+B,2,anchor_res_S,B2,0.011373338289558887,0.006938060745596886
A+B,2,anchor_res_T,B2,0.007609540596604347,0.004642036743462086
A+B,2,anchor_res_V,B2,0.012015063315629959,0.007329531479626894
A+B,2,anchor_res_W,B2,0.00020161290012765676,0.00012298962974455208
A+B,2,anchor_res_Y,B2,0.0038372764829546213,0.0023408480919897556
A+B,2,anchor_hydrophobic_frac,B3,0.04781357944011688,0.029167648404836655
A+B,2,anchor_charged_frac,B3,0.0069200932048261166,0.0042214542627334595
A+B,2,anchor_polar_frac,B3,0.008439257740974426,0.0051481882110238075
A+B,2,anchor_aromatic_frac,B3,0.016819631680846214,0.010260455310344696
A+B,2,anchor_small_frac,B3,0.028916023671627045,0.01763959974050522
A+B,2,anchor_proline_frac,B3,0.00874498300254345,0.0053346892818808556
A+B,2,anchor_terminal_frac,B3,0.004881883505731821,0.0029780883342027664
A+B,2,anchor_n_terminal_count,B3,0.0018968879012390971,0.0011571557261049747
A+B,2,anchor_c_terminal_count,B3,0.16874651610851288,0.10294019430875778
A+B,3,mol_weight,A,0.06057284399867058,0.04710066318511963
A+B,3,logp,A,0.20606793463230133,0.16023576259613037
A+B,3,tpsa,A,0.0635024681687355,0.04937870055437088
A+B,3,num_h_acceptors,A,0.011797213926911354,0.009173361584544182
A+B,3,num_h_donors,A,0.08619256317615509,0.06702222675085068
A+B,3,num_rotatable_bonds,A,0.08376594632863998,0.06513531506061554
A+B,3,num_aromatic_rings,A,0.051929596811532974,0.040379785001277924
A+B,3,num_aliphatic_rings,A,0.0384400300681591,0.029890472069382668
A+B,3,num_edits,A,0.012669350951910019,0.00985152367502451
A+B,3,num_edit_families,A,0.0036140994634479284,0.002810277044773102
A+B,3,anchor_count_total,B1,0.006639632396399975,0.005162892397493124
A+B,3,anchor_count_unique,B1,0.009449752047657967,0.007348005194216967
A+B,3,anchor_density,B1,0.03588973730802536,0.027907395735383034
A+B,3,anchor_pos_mean,B1,0.049480605870485306,0.03847547993063927
A+B,3,anchor_pos_std,B1,0.0929710641503334,0.07229310274124146
A+B,3,anchor_pos_range,B1,0.026889344677329063,0.02090880647301674
A+B,3,anchor_res_A,B2,0.013759253546595573,0.010699017904698849
A+B,3,anchor_res_C,B2,0.0,0.0
A+B,3,anchor_res_D,B2,0.04193709418177605,0.032609742134809494
A+B,3,anchor_res_E,B2,0.0,0.0
A+B,3,anchor_res_F,B2,0.01885232888162136,0.014659327454864979
A+B,3,anchor_res_G,B2,0.025922289118170738,0.02015683799982071
A+B,3,anchor_res_H,B2,0.0,0.0
A+B,3,anchor_res_I,B2,0.001103919930756092,0.0008583939052186906
A+B,3,anchor_res_K,B2,7.73971842136234e-05,6.0183050663908944e-05
A+B,3,anchor_res_L,B2,0.05757319554686546,0.04476817324757576
A+B,3,anchor_res_M,B2,0.0,0.0
A+B,3,anchor_res_N,B2,0.0,0.0
A+B,3,anchor_res_P,B2,0.04096560925245285,0.03185432776808739
A+B,3,anchor_res_Q,B2,0.0,0.0
A+B,3,anchor_res_R,B2,0.0,0.0
A+B,3,anchor_res_S,B2,0.008393572643399239,0.006526733748614788
A+B,3,anchor_res_T,B2,0.004193067084997892,0.0032604748848825693
A+B,3,anchor_res_V,B2,0.010899102315306664,0.008475000970065594
A+B,3,anchor_res_W,B2,0.0,0.0
A+B,3,anchor_res_Y,B2,0.002243084367364645,0.0017441934905946255
A+B,3,anchor_hydrophobic_frac,B3,0.031682923436164856,0.02463623322546482
A+B,3,anchor_charged_frac,B3,0.007147098891437054,0.005557491909712553
A+B,3,anchor_polar_frac,B3,0.006797997280955315,0.005286035127937794
A+B,3,anchor_aromatic_frac,B3,0.012409314513206482,0.009649322368204594
A+B,3,anchor_small_frac,B3,0.019359063357114792,0.015053357928991318
A+B,3,anchor_proline_frac,B3,0.014173148199915886,0.011020856909453869
A+B,3,anchor_terminal_frac,B3,0.009453421458601952,0.007350858300924301
A+B,3,anchor_n_terminal_count,B3,0.001370020559988916,0.0010653103236109018
A+B,3,anchor_c_terminal_count,B3,0.11784443259239197,0.09163431078195572
A+B,4,mol_weight,A,0.07492045313119888,0.04044179990887642
A+B,4,logp,A,0.24518664181232452,0.132350891828537
A+B,4,tpsa,A,0.08993534743785858,0.04854678735136986
A+B,4,num_h_acceptors,A,0.02984754927456379,0.016111603006720543
A+B,4,num_h_donors,A,0.09758005291223526,0.052673373371362686
A+B,4,num_rotatable_bonds,A,0.10743889957666397,0.05799514427781105
A+B,4,num_aromatic_rings,A,0.05121802166104317,0.027647310867905617
A+B,4,num_aliphatic_rings,A,0.05968166142702103,0.03221595287322998
A+B,4,num_edits,A,0.03099670261144638,0.01673191227018833
A+B,4,num_edit_families,A,0.01538995373994112,0.0083074439316988
A+B,4,anchor_count_total,B1,0.019125105813145638,0.010323666036128998
A+B,4,anchor_count_unique,B1,0.024730078876018524,0.01334921084344387
A+B,4,anchor_density,B1,0.07527988404035568,0.04063582047820091
A+B,4,anchor_pos_mean,B1,0.14102156460285187,0.07612294703722
A+B,4,anchor_pos_std,B1,0.13387936353683472,0.07226761430501938
A+B,4,anchor_pos_range,B1,0.067832812666893,0.03661591559648514
A+B,4,anchor_res_A,B2,0.03373019024729729,0.01820744015276432
A+B,4,anchor_res_C,B2,0.0,0.0
A+B,4,anchor_res_D,B2,0.001726033864542842,0.0009317070944234729
A+B,4,anchor_res_E,B2,0.0,0.0
A+B,4,anchor_res_F,B2,0.039559122174978256,0.02135387621819973
A+B,4,anchor_res_G,B2,0.038374848663806915,0.02071460895240307
A+B,4,anchor_res_H,B2,0.0,0.0
A+B,4,anchor_res_I,B2,0.0025843463372439146,0.0013950212160125375
A+B,4,anchor_res_K,B2,0.0002854994381777942,0.00015411160711664706
A+B,4,anchor_res_L,B2,0.054742131382226944,0.0295496117323637
A+B,4,anchor_res_M,B2,0.0,0.0
A+B,4,anchor_res_N,B2,0.0,0.0
A+B,4,anchor_res_P,B2,0.05369054153561592,0.028981966897845268
A+B,4,anchor_res_Q,B2,0.0,0.0
A+B,4,anchor_res_R,B2,0.0,0.0
A+B,4,anchor_res_S,B2,0.013328082859516144,0.007194452919065952
A+B,4,anchor_res_T,B2,0.009861782193183899,0.0053233555518090725
A+B,4,anchor_res_V,B2,0.013274956494569778,0.007165775168687105
A+B,4,anchor_res_W,B2,0.00019171321764588356,0.00010348612704547122
A+B,4,anchor_res_Y,B2,0.0034143594093620777,0.0018430593190714717
A+B,4,anchor_hydrophobic_frac,B3,0.055472373962402344,0.029943794012069702
A+B,4,anchor_charged_frac,B3,0.035412248224020004,0.01911540888249874
A+B,4,anchor_polar_frac,B3,0.008907148614525795,0.004808047786355019
A+B,4,anchor_aromatic_frac,B3,0.02862456813454628,0.015451442450284958
A+B,4,anchor_small_frac,B3,0.04464574530720711,0.024099618196487427
A+B,4,anchor_proline_frac,B3,0.029176129028201103,0.015749173238873482
A+B,4,anchor_terminal_frac,B3,0.006864592432975769,0.0037054831627756357
A+B,4,anchor_n_terminal_count,B3,0.0025354339741170406,0.0013686184538528323
A+B,4,anchor_c_terminal_count,B3,0.11208387464284897,0.06050248444080353
A+B+C,0,mol_weight,A,0.06269268691539764,0.04494716227054596
A+B+C,0,logp,A,0.18150892853736877,0.1301317811012268
A+B+C,0,tpsa,A,0.06491167098283768,0.04653805121779442
A+B+C,0,num_h_acceptors,A,0.003941270522773266,0.0028256713412702084
A+B+C,0,num_h_donors,A,0.04170193523168564,0.029897963628172874
A+B+C,0,num_rotatable_bonds,A,0.09503635764122009,0.06813577562570572
A+B+C,0,num_aromatic_rings,A,0.023928476497530937,0.01715538464486599
A+B+C,0,num_aliphatic_rings,A,0.02750207670032978,0.01971745677292347
A+B+C,0,num_edits,A,0.00179259420838207,0.0012851901119574904
A+B+C,0,num_edit_families,A,0.002030780538916588,0.00145595648791641
A+B+C,0,anchor_count_total,B1,0.0028240152169018984,0.0020246615167707205
A+B+C,0,anchor_count_unique,B1,0.006499423645436764,0.004659724421799183
A+B+C,0,anchor_density,B1,0.03182682767510414,0.02281806245446205
A+B+C,0,anchor_pos_mean,B1,0.049094803631305695,0.035198237746953964
A+B+C,0,anchor_pos_std,B1,0.08692499995231628,0.06232038140296936
A+B+C,0,anchor_pos_range,B1,0.00792771391570568,0.005683728959411383
A+B+C,0,anchor_res_A,B2,0.016492921859025955,0.01182450633496046
A+B+C,0,anchor_res_C,B2,0.0,0.0
A+B+C,0,anchor_res_D,B2,0.039949189871549606,0.028641343116760254
A+B+C,0,anchor_res_E,B2,0.0,0.0
A+B+C,0,anchor_res_F,B2,0.031193150207400322,0.022363750264048576
A+B+C,0,anchor_res_G,B2,0.005170438904315233,0.0037069167010486126
A+B+C,0,anchor_res_H,B2,0.0,0.0
A+B+C,0,anchor_res_I,B2,0.0019313947996124625,0.0013847025111317635
A+B+C,0,anchor_res_K,B2,2.0581213902914897e-05,1.4755583833903074e-05
A+B+C,0,anchor_res_L,B2,0.044631119817495346,0.03199802711606026
A+B+C,0,anchor_res_M,B2,0.0,0.0
A+B+C,0,anchor_res_N,B2,0.0,0.0
A+B+C,0,anchor_res_P,B2,0.04441210627555847,0.03184100612998009
A+B+C,0,anchor_res_Q,B2,0.0,0.0
A+B+C,0,anchor_res_R,B2,0.0,0.0
A+B+C,0,anchor_res_S,B2,0.0045739407651126385,0.003279260592535138
A+B+C,0,anchor_res_T,B2,0.006363574415445328,0.004562328103929758
A+B+C,0,anchor_res_V,B2,0.009097513742744923,0.006522410549223423
A+B+C,0,anchor_res_W,B2,0.0,0.0
A+B+C,0,anchor_res_Y,B2,0.002027735812589526,0.0014537735842168331
A+B+C,0,anchor_hydrophobic_frac,B3,0.01932915858924389,0.013857929967343807
A+B+C,0,anchor_charged_frac,B3,0.005248259752988815,0.0037627099081873894
A+B+C,0,anchor_polar_frac,B3,0.007955269888043404,0.005703485105186701
A+B+C,0,anchor_aromatic_frac,B3,0.0059440298937261105,0.00426153838634491
A+B+C,0,anchor_small_frac,B3,0.029886433854699135,0.021426908671855927
A+B+C,0,anchor_proline_frac,B3,0.001408789656125009,0.001010023639537394
A+B+C,0,anchor_terminal_frac,B3,0.0016887191450223327,0.0012107174843549728
A+B+C,0,anchor_n_terminal_count,B3,0.0001827560772653669,0.00013102592492941767
A+B+C,0,anchor_c_terminal_count,B3,0.04027578607201576,0.02887549437582493
A+B+C,0,edit_family_n_terminal,C,0.0,0.0
A+B+C,0,edit_family_c_terminal,C,0.0023082608822733164,0.001654894440434873
A+B+C,0,edit_family_sidechain,C,0.0,0.0
A+B+C,0,edit_family_backbone,C,0.004859407898038626,0.0034839247819036245
A+B+C,0,edit_family_cyclization,C,0.0,0.0
A+B+C,0,edit_family_substitution,C,0.002951208967715502,0.0021158524323254824
A+B+C,0,edit_family_other,C,0.0,0.0
A+B+C,0,edit_type_count_unique,C,0.001194659504108131,0.0008565043099224567
A+B+C,0,edit_type_entropy,C,0.02917592227458954,0.020917510613799095
A+B+C,0,attachment_type_count_unique,C,1.732183591229841e-05,1.2418790902302135e-05
A+B+C,0,has_cyclization,C,0.0,0.0
A+B+C,0,has_backbone_mod,C,1.8124175767297857e-05,1.299402447330067e-05
A+B+C,0,edit_n_methylation,C,0.24956081807613373,0.17892120778560638
A+B+C,0,edit_d_amino_acid,C,0.03557604178786278,0.025506040081381798
A+B+C,0,edit_non_standard_aa,C,0.00016338947170879692,0.00011714114953065291
A+B+C,0,edit_head_to_tail_cyclization,C,4.837260348722339e-05,3.468046270427294e-05
A+B+C,0,edit_sidechain_cyclization,C,0.0,0.0
A+B+C,0,edit_disulfide,C,0.0,0.0
A+B+C,0,edit_acetylation,C,0.0,0.0
A+B+C,0,edit_amidation,C,0.0,0.0
A+B+C,0,edit_phosphorylation,C,0.0,0.0
A+B+C,0,edit_other_types,C,0.0,0.0
A+B+C,0,anchor_pair_count,B3,0.0,0.0
A+B+C,0,cyclization_ring_size,C,0.02467801421880722,0.01769276149570942
A+B+C,0,edit_anchor_overlap,C,0.027059076353907585,0.019399849697947502
A+B+C,0,sequence_length,C,0.0033214259892702103,0.002381277270615101
A+B+C,0,sequence_cyclic,C,0.0,0.0
A+B+C,0,modification_rate,C,0.005949169863015413,0.004265223164111376
A+B+C,1,mol_weight,A,0.06861210614442825,0.046739187091588974
A+B+C,1,logp,A,0.1877712905406952,0.1279115080833435
A+B+C,1,tpsa,A,0.0652778372168541,0.044467855244874954
A+B+C,1,num_h_acceptors,A,0.006698215380311012,0.004562885034829378
A+B+C,1,num_h_donors,A,0.042652420699596405,0.029055215418338776
A+B+C,1,num_rotatable_bonds,A,0.1005854457616806,0.0685197189450264
A+B+C,1,num_aromatic_rings,A,0.02643093839287758,0.018004994839429855
A+B+C,1,num_aliphatic_rings,A,0.04100330173969269,0.0279318206012249
A+B+C,1,num_edits,A,0.0036603722255676985,0.002493478823453188
A+B+C,1,num_edit_families,A,0.0038253345992416143,0.002605852670967579
A+B+C,1,anchor_count_total,B1,0.00217621773481369,0.0014824592508375645
A+B+C,1,anchor_count_unique,B1,0.006174890324473381,0.004206391051411629
A+B+C,1,anchor_density,B1,0.03129785507917404,0.02132038213312626
A+B+C,1,anchor_pos_mean,B1,0.04459422081708908,0.030377987772226334
A+B+C,1,anchor_pos_std,B1,0.09972947090864182,0.06793662160634995
A+B+C,1,anchor_pos_range,B1,0.009484456852078438,0.006460898090153933
A+B+C,1,anchor_res_A,B2,0.016640134155750275,0.011335410177707672
A+B+C,1,anchor_res_C,B2,0.0,0.0
A+B+C,1,anchor_res_D,B2,0.022228075191378593,0.015141965821385384
A+B+C,1,anchor_res_E,B2,0.0,0.0
A+B+C,1,anchor_res_F,B2,0.035155054181814194,0.0239479411393404
A+B+C,1,anchor_res_G,B2,0.011210589669644833,0.0076367552392184734
A+B+C,1,anchor_res_H,B2,0.0,0.0
A+B+C,1,anchor_res_I,B2,0.0019512822618708014,0.0013292311923578382
A+B+C,1,anchor_res_K,B2,0.0,0.0
A+B+C,1,anchor_res_L,B2,0.05055215209722519,0.034436583518981934
A+B+C,1,anchor_res_M,B2,0.0,0.0
A+B+C,1,anchor_res_N,B2,0.0,0.0
A+B+C,1,anchor_res_P,B2,0.03748729079961777,0.025536682456731796
A+B+C,1,anchor_res_Q,B2,0.0,0.0
A+B+C,1,anchor_res_R,B2,0.0,0.0
A+B+C,1,anchor_res_S,B2,0.005560404621064663,0.003787798108533025
A+B+C,1,anchor_res_T,B2,0.006943279877305031,0.00472982507199049
A+B+C,1,anchor_res_V,B2,0.01202273927628994,0.00818999856710434
A+B+C,1,anchor_res_W,B2,0.0,0.0
A+B+C,1,anchor_res_Y,B2,0.002438385970890522,0.0016610505990684032
A+B+C,1,anchor_hydrophobic_frac,B3,0.019344275817275047,0.013177496381103992
A+B+C,1,anchor_charged_frac,B3,0.010007252916693687,0.0068170311860740185
A+B+C,1,anchor_polar_frac,B3,0.008227813988924026,0.005604861304163933
A+B+C,1,anchor_aromatic_frac,B3,0.007182789966464043,0.004892981611192226
A+B+C,1,anchor_small_frac,B3,0.025784196332097054,0.017564428970217705
A+B+C,1,anchor_proline_frac,B3,0.007953807711601257,0.005418206099420786
A+B+C,1,anchor_terminal_frac,B3,0.001851251465268433,0.0012610892299562693
A+B+C,1,anchor_n_terminal_count,B3,0.00015952005924191326,0.00010866650700336322
A+B+C,1,anchor_c_terminal_count,B3,0.0477544330060482,0.03253075107932091
A+B+C,1,edit_family_n_terminal,C,0.0001767381327226758,0.00012039561988785863
A+B+C,1,edit_family_c_terminal,C,0.004248641896992922,0.0028942134231328964
A+B+C,1,edit_family_sidechain,C,0.0,0.0
A+B+C,1,edit_family_backbone,C,0.008611172437667847,0.005866008810698986
A+B+C,1,edit_family_cyclization,C,0.0,0.0
A+B+C,1,edit_family_substitution,C,0.0029300434980541468,0.0019959721248596907
A+B+C,1,edit_family_other,C,0.0,0.0
A+B+C,1,edit_type_count_unique,C,0.0016032613348215818,0.0010921561624854803
A+B+C,1,edit_type_entropy,C,0.03161996603012085,0.021539807319641113
A+B+C,1,attachment_type_count_unique,C,0.00021590327378362417,0.00014707526133861393
A+B+C,1,has_cyclization,C,0.0,0.0
A+B+C,1,has_backbone_mod,C,0.0001257147523574531,8.563802839489654e-05
A+B+C,1,edit_n_methylation,C,0.22817173600196838,0.15543265640735626
A+B+C,1,edit_d_amino_acid,C,0.04132462292909622,0.028150707483291626
A+B+C,1,edit_non_standard_aa,C,0.0009101408068090677,0.0006199961644597352
A+B+C,1,edit_head_to_tail_cyclization,C,0.00038454707828350365,0.00026195694226771593
A+B+C,1,edit_sidechain_cyclization,C,0.0,0.0
A+B+C,1,edit_disulfide,C,0.0,0.0
A+B+C,1,edit_acetylation,C,0.0,0.0
A+B+C,1,edit_amidation,C,0.0,0.0
A+B+C,1,edit_phosphorylation,C,0.0,0.0
A+B+C,1,edit_other_types,C,2.248595774290152e-05,1.531763882667292e-05
A+B+C,1,anchor_pair_count,B3,0.0,0.0
A+B+C,1,cyclization_ring_size,C,0.03395813703536987,0.02313259057700634
A+B+C,1,edit_anchor_overlap,C,0.025288769975304604,0.017226940020918846
A+B+C,1,sequence_length,C,0.007421327289193869,0.005055475514382124
A+B+C,1,sequence_cyclic,C,0.0,0.0
A+B+C,1,modification_rate,C,0.010535866022109985,0.0071771275252103806
A+B+C,2,mol_weight,A,0.06638845801353455,0.04161035642027855
A+B+C,2,logp,A,0.1894218772649765,0.11872412264347076
A+B+C,2,tpsa,A,0.0637107715010643,0.03993205726146698
A+B+C,2,num_h_acceptors,A,0.01218599732965231,0.007637828588485718
A+B+C,2,num_h_donors,A,0.04463817924261093,0.02797791361808777
A+B+C,2,num_rotatable_bonds,A,0.09932570159435272,0.06225446239113808
A+B+C,2,num_aromatic_rings,A,0.03082025796175003,0.01931724138557911
A+B+C,2,num_aliphatic_rings,A,0.03717068210244179,0.0232975035905838
A+B+C,2,num_edits,A,0.007573788054287434,0.004747030325233936
A+B+C,2,num_edit_families,A,0.004643002524971962,0.0029100989922881126
A+B+C,2,anchor_count_total,B1,0.005452459678053856,0.003417443251237273
A+B+C,2,anchor_count_unique,B1,0.011184913106262684,0.007010378409177065
A+B+C,2,anchor_density,B1,0.03592237830162048,0.022515101358294487
A+B+C,2,anchor_pos_mean,B1,0.06987649202346802,0.04379655420780182
A+B+C,2,anchor_pos_std,B1,0.10944518446922302,0.06859705597162247
A+B+C,2,anchor_pos_range,B1,0.0180917140096426,0.011339359916746616
A+B+C,2,anchor_res_A,B2,0.027573484927415848,0.017282258719205856
A+B+C,2,anchor_res_C,B2,0.0,0.0
A+B+C,2,anchor_res_D,B2,0.021106531843543053,0.01322896033525467
A+B+C,2,anchor_res_E,B2,0.0,0.0
A+B+C,2,anchor_res_F,B2,0.027481036260724068,0.01722431369125843
A+B+C,2,anchor_res_G,B2,0.016346681863069534,0.01024562492966652
A+B+C,2,anchor_res_H,B2,0.0,0.0
A+B+C,2,anchor_res_I,B2,0.0011663753539323807,0.0007310501532629132
A+B+C,2,anchor_res_K,B2,1.4374746569956187e-05,9.009672794491053e-06
A+B+C,2,anchor_res_L,B2,0.043827205896377563,0.027469618245959282
A+B+C,2,anchor_res_M,B2,0.0,0.0
A+B+C,2,anchor_res_N,B2,0.0,0.0
A+B+C,2,anchor_res_P,B2,0.039031095802783966,0.024463556706905365
A+B+C,2,anchor_res_Q,B2,0.0,0.0
A+B+C,2,anchor_res_R,B2,0.0,0.0
A+B+C,2,anchor_res_S,B2,0.004674277268350124,0.002929701004177332
A+B+C,2,anchor_res_T,B2,0.007863963954150677,0.004928904119879007
A+B+C,2,anchor_res_V,B2,0.012188381515443325,0.007639322895556688
A+B+C,2,anchor_res_W,B2,6.8885569817211945e-06,4.317547336540883e-06
A+B+C,2,anchor_res_Y,B2,0.003278736723586917,0.0020550168119370937
A+B+C,2,anchor_hydrophobic_frac,B3,0.031317755579948425,0.019629059359431267
A+B+C,2,anchor_charged_frac,B3,0.009679966606199741,0.006067121401429176
A+B+C,2,anchor_polar_frac,B3,0.007185138761997223,0.004503435920923948
A+B+C,2,anchor_aromatic_frac,B3,0.011015789583325386,0.006904376670718193
A+B+C,2,anchor_small_frac,B3,0.028710320591926575,0.017994794994592667
A+B+C,2,anchor_proline_frac,B3,0.00820840708911419,0.00514479074627161
A+B+C,2,anchor_terminal_frac,B3,0.0024091526865959167,0.0015099868178367615
A+B+C,2,anchor_n_terminal_count,B3,0.0015875152312219143,0.000995008391328156
A+B+C,2,anchor_c_terminal_count,B3,0.05048934370279312,0.03164525330066681
A+B+C,2,edit_family_n_terminal,C,0.00024092516105156392,0.00015100488963071257
A+B+C,2,edit_family_c_terminal,C,0.01173766702413559,0.007356828544288874
A+B+C,2,edit_family_sidechain,C,0.0,0.0
A+B+C,2,edit_family_backbone,C,0.014500242657959461,0.009088330902159214
A+B+C,2,edit_family_cyclization,C,0.0,0.0
A+B+C,2,edit_family_substitution,C,0.005357170477509499,0.003357718698680401
A+B+C,2,edit_family_other,C,0.0,0.0
A+B+C,2,edit_type_count_unique,C,0.005457927007228136,0.003420870052650571
A+B+C,2,edit_type_entropy,C,0.039278171956539154,0.024618415161967278
A+B+C,2,attachment_type_count_unique,C,0.0009128177771344781,0.0005721276393160224
A+B+C,2,has_cyclization,C,0.0,0.0
A+B+C,2,has_backbone_mod,C,5.5288448493229225e-05,3.465319241513498e-05
A+B+C,2,edit_n_methylation,C,0.21195217967033386,0.1328454613685608
A+B+C,2,edit_d_amino_acid,C,0.05055916681885719,0.03168901428580284
A+B+C,2,edit_non_standard_aa,C,0.0011829877039417624,0.0007414622814394534
A+B+C,2,edit_head_to_tail_cyclization,C,0.0001871518325060606,0.00011730132973752916
A+B+C,2,edit_sidechain_cyclization,C,0.0,0.0
A+B+C,2,edit_disulfide,C,0.0,0.0
A+B+C,2,edit_acetylation,C,0.0,0.0
A+B+C,2,edit_amidation,C,0.0,0.0
A+B+C,2,edit_phosphorylation,C,0.0,0.0
A+B+C,2,edit_other_types,C,0.00011711008119164035,7.34011919121258e-05
A+B+C,2,anchor_pair_count,B3,0.0,0.0
A+B+C,2,cyclization_ring_size,C,0.03706901893019676,0.02323378250002861
A+B+C,2,edit_anchor_overlap,C,0.03218787536025047,0.020174425095319748
A+B+C,2,sequence_length,C,0.009143859148025513,0.005731104873120785
A+B+C,2,sequence_cyclic,C,0.0,0.0
A+B+C,2,modification_rate,C,0.01452546939253807,0.009104141965508461
A+B+C,3,mol_weight,A,0.06794221699237823,0.04535815119743347
A+B+C,3,logp,A,0.1877545863389969,0.12534475326538086
A+B+C,3,tpsa,A,0.06429178267717361,0.04292112588882446
A+B+C,3,num_h_acceptors,A,0.007467397954314947,0.004985226783901453
A+B+C,3,num_h_donors,A,0.043849602341651917,0.029273947700858116
A+B+C,3,num_rotatable_bonds,A,0.09853837639093399,0.06578411161899567
A+B+C,3,num_aromatic_rings,A,0.029959244653582573,0.02000075951218605
A+B+C,3,num_aliphatic_rings,A,0.03446638584136963,0.02300972118973732
A+B+C,3,num_edits,A,0.005001898854970932,0.0033392622135579586
A+B+C,3,num_edit_families,A,0.0013878889149054885,0.0009265531552955508
A+B+C,3,anchor_count_total,B1,0.004423218313604593,0.002952935639768839
A+B+C,3,anchor_count_unique,B1,0.006868700962513685,0.004585537128150463
A+B+C,3,anchor_density,B1,0.03438032418489456,0.02295226790010929
A+B+C,3,anchor_pos_mean,B1,0.06281930953264236,0.04193810373544693
A+B+C,3,anchor_pos_std,B1,0.09525036066770554,0.06358903646469116
A+B+C,3,anchor_pos_range,B1,0.00989020150154829,0.006602687761187553
A+B+C,3,anchor_res_A,B2,0.014366150833666325,0.00959082692861557
A+B+C,3,anchor_res_C,B2,0.0,0.0
A+B+C,3,anchor_res_D,B2,0.02162882126867771,0.014439377933740616
A+B+C,3,anchor_res_E,B2,0.0,0.0
A+B+C,3,anchor_res_F,B2,0.03032149188220501,0.020242594182491302
A+B+C,3,anchor_res_G,B2,0.00987013429403305,0.006589291151612997
A+B+C,3,anchor_res_H,B2,0.0,0.0
A+B+C,3,anchor_res_I,B2,0.0015657831681892276,0.001045315177179873
A+B+C,3,anchor_res_K,B2,7.944310345919803e-05,5.3036128520034254e-05
A+B+C,3,anchor_res_L,B2,0.048892222344875336,0.03264039382338524
A+B+C,3,anchor_res_M,B2,0.0,0.0
A+B+C,3,anchor_res_N,B2,0.0,0.0
A+B+C,3,anchor_res_P,B2,0.03299661725759506,0.02202850580215454
A+B+C,3,anchor_res_Q,B2,0.0,0.0
A+B+C,3,anchor_res_R,B2,0.0,0.0
A+B+C,3,anchor_res_S,B2,0.004740363452583551,0.003164661582559347
A+B+C,3,anchor_res_T,B2,0.007768259849399328,0.005186081863939762
A+B+C,3,anchor_res_V,B2,0.010226055048406124,0.0068269032053649426
A+B+C,3,anchor_res_W,B2,0.0,0.0
A+B+C,3,anchor_res_Y,B2,0.002150637796148658,0.0014357634354382753
A+B+C,3,anchor_hydrophobic_frac,B3,0.021930452436208725,0.014640746638178825
A+B+C,3,anchor_charged_frac,B3,0.007526899687945843,0.00502495002001524
A+B+C,3,anchor_polar_frac,B3,0.006716476287692785,0.004483912140130997
A+B+C,3,anchor_aromatic_frac,B3,0.013370382599532604,0.00892605260014534
A+B+C,3,anchor_small_frac,B3,0.02977626956999302,0.019878605380654335
A+B+C,3,anchor_proline_frac,B3,0.006435994058847427,0.004296662751585245
A+B+C,3,anchor_terminal_frac,B3,0.0038238591514527798,0.0025528043042868376
A+B+C,3,anchor_n_terminal_count,B3,0.0,0.0
A+B+C,3,anchor_c_terminal_count,B3,0.061590224504470825,0.04111756756901741
A+B+C,3,edit_family_n_terminal,C,0.0,0.0
A+B+C,3,edit_family_c_terminal,C,0.005032392218708992,0.003359619528055191
A+B+C,3,edit_family_sidechain,C,0.0,0.0
A+B+C,3,edit_family_backbone,C,0.0073761725798249245,0.004924324806779623
A+B+C,3,edit_family_cyclization,C,0.0,0.0
A+B+C,3,edit_family_substitution,C,0.002634092466905713,0.0017585172317922115
A+B+C,3,edit_family_other,C,0.0,0.0
A+B+C,3,edit_type_count_unique,C,0.0025569479912519455,0.0017070156754925847
A+B+C,3,edit_type_entropy,C,0.032136015594005585,0.021453969180583954
A+B+C,3,attachment_type_count_unique,C,0.0007492319564335048,0.0005001864628866315
A+B+C,3,has_cyclization,C,0.0,0.0
A+B+C,3,has_backbone_mod,C,0.00021060623112134635,0.0001406004885211587
A+B+C,3,edit_n_methylation,C,0.2258843034505844,0.15080010890960693
A+B+C,3,edit_d_amino_acid,C,0.040371399372816086,0.026951901614665985
A+B+C,3,edit_non_standard_aa,C,0.002451822394505143,0.001636834000237286
A+B+C,3,edit_head_to_tail_cyclization,C,0.00041658800910227,0.000278113700915128
A+B+C,3,edit_sidechain_cyclization,C,0.0,0.0
A+B+C,3,edit_disulfide,C,0.0,0.0
A+B+C,3,edit_acetylation,C,0.0,0.0
A+B+C,3,edit_amidation,C,0.0,0.0
A+B+C,3,edit_phosphorylation,C,0.0,0.0
A+B+C,3,edit_other_types,C,0.0,0.0
A+B+C,3,anchor_pair_count,B3,0.00016073152073659003,0.00010730418580351397
A+B+C,3,cyclization_ring_size,C,0.041452180594205856,0.027673430740833282
A+B+C,3,edit_anchor_overlap,C,0.02786603569984436,0.018603336066007614
A+B+C,3,sequence_length,C,0.00946874637156725,0.006321324966847897
A+B+C,3,sequence_cyclic,C,0.0,0.0
A+B+C,3,modification_rate,C,0.00907004065811634,0.006055149249732494
A+B+C,4,mol_weight,A,0.055881135165691376,0.03443872183561325
A+B+C,4,logp,A,0.19765476882457733,0.12181172519922256
A+B+C,4,tpsa,A,0.0599859282374382,0.036968447268009186
A+B+C,4,num_h_acceptors,A,0.010435614734888077,0.006431316025555134
A+B+C,4,num_h_donors,A,0.047909826040267944,0.02952612191438675
A+B+C,4,num_rotatable_bonds,A,0.0925656333565712,0.057046838104724884
A+B+C,4,num_aromatic_rings,A,0.03047393076121807,0.01878063566982746
A+B+C,4,num_aliphatic_rings,A,0.03512197360396385,0.021645156666636467
A+B+C,4,num_edits,A,0.008743911981582642,0.0053887441754341125
A+B+C,4,num_edit_families,A,0.005226211156696081,0.0032208370976150036
A+B+C,4,anchor_count_total,B1,0.006032553501427174,0.00371777405962348
A+B+C,4,anchor_count_unique,B1,0.014097185805439949,0.008687888272106647
A+B+C,4,anchor_density,B1,0.03915230184793472,0.0241289883852005
A+B+C,4,anchor_pos_mean,B1,0.07762125134468079,0.04783683642745018
A+B+C,4,anchor_pos_std,B1,0.1101272702217102,0.06786981970071793
A+B+C,4,anchor_pos_range,B1,0.018329335376620293,0.011296099983155727
A+B+C,4,anchor_res_A,B2,0.028037386015057564,0.01727902889251709
A+B+C,4,anchor_res_C,B2,0.0,0.0
A+B+C,4,anchor_res_D,B2,0.023567743599414825,0.01452445425093174
A+B+C,4,anchor_res_E,B2,0.0,0.0
A+B+C,4,anchor_res_F,B2,0.03369683772325516,0.020766865462064743
A+B+C,4,anchor_res_G,B2,0.01548564713448286,0.009543576277792454
A+B+C,4,anchor_res_H,B2,0.0,0.0
A+B+C,4,anchor_res_I,B2,0.0012080338783562183,0.0007444935035891831
A+B+C,4,anchor_res_K,B2,0.00011828923015855253,7.289991481229663e-05
A+B+C,4,anchor_res_L,B2,0.0458827018737793,0.02827683463692665
A+B+C,4,anchor_res_M,B2,0.0,0.0
A+B+C,4,anchor_res_N,B2,0.0,0.0
A+B+C,4,anchor_res_P,B2,0.039017073810100555,0.02404564805328846
A+B+C,4,anchor_res_Q,B2,0.0,0.0
A+B+C,4,anchor_res_R,B2,0.0,0.0
A+B+C,4,anchor_res_S,B2,0.004912241827696562,0.0030273424927145243
A+B+C,4,anchor_res_T,B2,0.007509141229093075,0.00462777353823185
A+B+C,4,anchor_res_V,B2,0.009192953817546368,0.005665482487529516
A+B+C,4,anchor_res_W,B2,0.0,0.0
A+B+C,4,anchor_res_Y,B2,0.002420148579403758,0.0014915020437911153
A+B+C,4,anchor_hydrophobic_frac,B3,0.034729860723018646,0.02140350267291069
A+B+C,4,anchor_charged_frac,B3,0.010785209946334362,0.006646766327321529
A+B+C,4,anchor_polar_frac,B3,0.007640299387276173,0.004708603955805302
A+B+C,4,anchor_aromatic_frac,B3,0.010918082669377327,0.00672865379601717
A+B+C,4,anchor_small_frac,B3,0.03256473317742348,0.020069167017936707
A+B+C,4,anchor_proline_frac,B3,0.009533166885375977,0.005875150673091412
A+B+C,4,anchor_terminal_frac,B3,0.003212883835658431,0.0019800530280917883
A+B+C,4,anchor_n_terminal_count,B3,0.0013265901943668723,0.000817558029666543
A+B+C,4,anchor_c_terminal_count,B3,0.048426441848278046,0.029844503849744797
A+B+C,4,edit_family_n_terminal,C,0.0007786161731928587,0.0004798496956937015
A+B+C,4,edit_family_c_terminal,C,0.012202171608805656,0.007520019076764584
A+B+C,4,edit_family_sidechain,C,0.0,0.0
A+B+C,4,edit_family_backbone,C,0.013815241865813732,0.008514130488038063
A+B+C,4,edit_family_cyclization,C,0.0,0.0
A+B+C,4,edit_family_substitution,C,0.00426264014095068,0.002627002540975809
A+B+C,4,edit_family_other,C,0.0,0.0
A+B+C,4,edit_type_count_unique,C,0.004083755426108837,0.00251675839535892
A+B+C,4,edit_type_entropy,C,0.03650490567088127,0.02249743603169918
A+B+C,4,attachment_type_count_unique,C,0.001342904637567699,0.0008276123553514481
A+B+C,4,has_cyclization,C,0.0,0.0
A+B+C,4,has_backbone_mod,C,0.00027584246709011495,0.00016999765648506582
A+B+C,4,edit_n_methylation,C,0.2226734459400177,0.13723036646842957
A+B+C,4,edit_d_amino_acid,C,0.04846227169036865,0.02986658550798893
A+B+C,4,edit_non_standard_aa,C,0.0012290115701034665,0.0007574217743240297
A+B+C,4,edit_head_to_tail_cyclization,C,7.967556302901357e-05,4.910287680104375e-05
A+B+C,4,edit_sidechain_cyclization,C,0.0,0.0
A+B+C,4,edit_disulfide,C,0.0,0.0
A+B+C,4,edit_acetylation,C,0.0,0.0
A+B+C,4,edit_amidation,C,0.0,0.0
A+B+C,4,edit_phosphorylation,C,0.0,0.0
A+B+C,4,edit_other_types,C,0.00011441421520430595,7.051180000416934e-05
A+B+C,4,anchor_pair_count,B3,3.1563351512886584e-05,1.9452028936939314e-05
A+B+C,4,cyclization_ring_size,C,0.03411893919110298,0.02102700062096119
A+B+C,4,edit_anchor_overlap,C,0.03739861771464348,0.023048218339681625
A+B+C,4,sequence_length,C,0.01268306840211153,0.00781638827174902
A+B+C,4,sequence_cyclic,C,0.0,0.0
A+B+C,4,modification_rate,C,0.01302368938922882,0.008026308380067348
